SYMBOL,SERIES,DATE1,PREV_CLOSE,OPEN_PRICE,HIGH_PRICE,LOW_PRICE,LAST_PRICE,CLOSE_PRICE,AVG_PRICE,TTL_TRD_QNTY,TURNOVER_LACS,NO_OF_TRADES,DELIV_QTY,DELIV_PER
RUSTOMJEE,EQ,24-11-2022,541.0,555.0,569.95,548.0,556.8,556.85,557.31,"58,63,701","3,26,79,00,215.00","1,01,752","35,76,945",61.0
RUSTOMJEE,EQ,25-11-2022,556.85,560.0,597.0,560.0,566.0,567.5,575.47,"15,79,954","90,92,10,491.70","38,188","5,55,142",35.14
RUSTOMJEE,EQ,28-11-2022,567.5,566.7,572.0,555.0,555.0,555.45,560.26,"3,52,849","19,76,86,223.40","13,586","1,71,333",48.56
RUSTOMJEE,EQ,29-11-2022,555.45,556.0,559.95,528.0,546.0,543.05,545.18,"5,58,162","30,42,96,737.30","11,919","1,94,703",34.88
RUSTOMJEE,EQ,30-11-2022,543.05,546.0,555.45,533.05,537.1,537.05,541.51,"2,24,303","12,14,62,963.90","6,131","81,815",36.48
RUSTOMJEE,EQ,01-12-2022,537.05,539.75,544.7,536.25,541.0,541.1,541.29,"1,36,774","7,40,34,175.45","4,115","76,322",55.8
RUSTOMJEE,EQ,02-12-2022,541.1,543.75,543.95,530.1,532.9,532.45,535.85,"82,293","4,40,96,905.25","3,607","35,612",43.27
RUSTOMJEE,EQ,05-12-2022,532.45,534.05,540.95,524.05,529.1,531.15,530.96,"99,495","5,28,28,193.00","4,171","41,530",41.74
RUSTOMJEE,EQ,06-12-2022,531.15,531.0,545.95,531.0,539.5,539.2,539.8,"92,535","4,99,49,950.45","3,290","50,700",54.79
RUSTOMJEE,EQ,07-12-2022,539.2,541.9,555.45,540.05,542.0,542.45,548.47,"1,27,726","7,00,53,361.75","3,381","67,910",53.17
RUSTOMJEE,EQ,08-12-2022,542.45,543.0,553.1,542.4,547.15,549.8,548.96,"1,53,510","8,42,71,216.10","4,877","1,00,369",65.38
RUSTOMJEE,EQ,09-12-2022,549.8,552.4,563.55,525.1,544.8,542.35,551.54,"1,74,456","9,62,18,680.65","6,865","80,827",46.33
RUSTOMJEE,EQ,12-12-2022,542.35,541.95,546.9,535.0,546.85,543.1,540.71,"44,914","2,42,85,242.65","2,788","25,744",57.32
RUSTOMJEE,EQ,13-12-2022,543.1,543.1,548.35,537.1,540.6,541.3,543.44,"35,400","1,92,37,742.85","1,676","25,494",72.02
RUSTOMJEE,EQ,14-12-2022,541.3,542.85,551.75,531.25,535.0,535.65,540.94,"74,468","4,02,82,376.35","3,635","38,158",51.24
RUSTOMJEE,EQ,15-12-2022,535.65,533.1,539.9,516.05,529.4,527.2,526.25,"83,762","4,40,79,629.70","6,884","41,883",50.0
RUSTOMJEE,EQ,16-12-2022,527.2,528.95,529.3,510.3,511.0,513.3,516.42,"39,355","2,03,23,647.60","3,016","18,605",47.27
RUSTOMJEE,EQ,19-12-2022,513.3,515.9,531.7,513.6,515.1,518.45,520.71,"74,992","3,90,49,347.90","5,267","31,414",41.89
RUSTOMJEE,EQ,20-12-2022,518.45,513.65,530.0,513.65,529.0,526.4,520.76,"39,583","2,06,13,334.80","2,202","26,145",66.05
RUSTOMJEE,EQ,21-12-2022,526.4,526.4,531.5,500.0,500.0,503.7,513.41,"48,830","2,50,69,793.50","4,112","26,193",53.64
RUSTOMJEE,EQ,22-12-2022,503.7,503.7,508.45,488.05,497.3,494.8,495.49,"43,043","2,13,27,474.45","3,164","25,638",59.56
RUSTOMJEE,EQ,23-12-2022,494.8,490.0,490.0,470.0,483.0,478.8,481.52,"88,798","4,27,57,981.00","3,080","71,102",80.07
RUSTOMJEE,EQ,26-12-2022,478.8,481.15,504.0,470.4,503.0,500.35,490.73,"29,657","1,45,53,658.00","4,920","14,001",47.21
RUSTOMJEE,EQ,27-12-2022,500.35,502.9,527.95,502.35,525.0,525.5,518.33,"41,321","2,14,17,707.40","4,647","29,713",71.91
RUSTOMJEE,EQ,28-12-2022,525.5,517.0,521.45,500.0,500.0,502.5,509.34,"44,717","2,27,75,936.00","3,652","28,908",64.65
RUSTOMJEE,EQ,29-12-2022,502.5,500.0,506.5,491.2,499.0,494.45,498.91,"37,341","1,86,29,967.30","3,121","26,333",70.52
RUSTOMJEE,EQ,30-12-2022,494.45,496.85,509.0,490.5,493.55,494.6,496.53,"44,788","2,22,38,394.30","2,674","27,508",61.42
RUSTOMJEE,EQ,02-01-2023,494.6,497.1,516.95,493.15,507.4,507.3,499.63,"1,45,054","7,24,73,489.40","5,239","47,858",32.99
RUSTOMJEE,EQ,03-01-2023,507.3,501.0,554.9,501.0,526.1,526.6,526.54,"2,73,958","14,42,48,670.85","8,887","1,09,127",39.83
RUSTOMJEE,EQ,04-01-2023,526.6,526.6,532.0,510.0,515.0,514.1,518.63,"27,369","1,41,94,498.50","1,871","14,026",51.25
RUSTOMJEE,EQ,05-01-2023,514.1,516.7,529.3,510.15,526.0,523.1,520.59,"48,679","2,53,41,733.70","3,312","20,118",41.33
RUSTOMJEE,EQ,06-01-2023,523.1,523.0,523.1,508.0,509.05,509.8,512.59,"27,431","1,40,60,800.00","1,782","16,357",59.63
RUSTOMJEE,EQ,09-01-2023,509.8,512.35,544.5,512.35,532.7,532.9,529.8,"1,47,337","7,80,58,540.80","5,712","39,303",26.68
RUSTOMJEE,EQ,10-01-2023,532.9,532.6,541.8,520.0,530.0,533.25,529.3,"67,605","3,57,83,410.55","4,830","13,950",20.63
RUSTOMJEE,EQ,11-01-2023,533.25,527.0,540.75,527.0,528.0,530.2,535.11,"97,818","5,23,43,193.45","2,187","26,572",27.16
RUSTOMJEE,EQ,12-01-2023,530.2,528.0,547.0,525.15,538.25,541.1,537.79,"2,53,525","13,63,41,947.65","4,542","64,413",25.41
RUSTOMJEE,EQ,13-01-2023,541.1,533.3,540.0,523.25,536.0,531.75,530.99,"57,259","3,04,03,701.50","2,996","24,863",43.42
RUSTOMJEE,EQ,16-01-2023,531.75,530.0,535.3,525.55,525.55,528.0,529.63,"12,408","65,71,620.05",907,"5,765",46.46
RUSTOMJEE,EQ,17-01-2023,528.0,528.0,533.75,516.2,516.2,519.25,520.76,"24,102","1,25,51,360.55","1,293","14,192",58.88
RUSTOMJEE,EQ,18-01-2023,519.25,522.35,537.9,516.0,535.0,530.7,526.65,"35,693","1,87,97,705.95","2,097","17,389",48.72
RUSTOMJEE,EQ,19-01-2023,530.7,530.65,539.85,523.1,523.25,525.0,528.78,"34,625","1,83,08,930.50","1,805","10,363",29.93
RUSTOMJEE,EQ,20-01-2023,525.0,524.8,550.45,524.75,532.65,543.8,541.9,"1,89,689","10,27,93,220.55","4,398","81,098",42.75
RUSTOMJEE,EQ,23-01-2023,543.8,534.0,538.3,527.15,533.0,531.15,531.8,"14,422","76,69,592.20","1,412","7,842",54.38
RUSTOMJEE,EQ,24-01-2023,531.15,528.05,534.75,522.55,523.0,523.85,526.6,"10,121","53,29,743.85",899,"6,778",66.97
RUSTOMJEE,EQ,25-01-2023,523.85,524.95,524.95,507.1,519.7,517.3,515.42,"18,481","95,25,402.60","1,952","9,825",53.16
RUSTOMJEE,EQ,27-01-2023,517.3,515.0,516.75,486.0,494.0,493.15,500.03,"19,045","95,23,159.65","2,030","11,638",61.11
RUSTOMJEE,EQ,30-01-2023,493.15,495.65,502.0,482.55,484.0,487.05,492.15,"6,951","34,20,956.25",949,"3,907",56.21
RUSTOMJEE,EQ,31-01-2023,487.05,492.15,520.05,480.4,500.0,494.4,497.81,"99,578","4,95,70,508.50","5,184","38,246",38.41
RUSTOMJEE,EQ,01-02-2023,494.4,495.25,517.5,484.95,492.1,497.65,501.84,"66,511","3,33,78,122.70","3,982","12,002",18.05
RUSTOMJEE,EQ,02-02-2023,497.65,492.1,497.25,481.05,485.9,485.25,486.64,"29,825","1,45,13,972.50","1,761","20,701",69.41
RUSTOMJEE,EQ,03-02-2023,485.25,493.8,496.0,471.05,494.95,491.9,484.84,"21,104","1,02,32,081.20","2,075","9,931",47.06
RUSTOMJEE,EQ,06-02-2023,491.9,491.95,495.0,481.0,494.9,492.45,490.41,"6,949","34,07,841.90",769,"2,280",32.81
RUSTOMJEE,EQ,07-02-2023,492.45,490.15,494.8,476.0,486.05,484.65,484.14,"56,392","2,73,01,845.40","2,768","35,271",62.55
RUSTOMJEE,EQ,08-02-2023,484.65,487.95,499.0,478.0,499.0,483.7,482.68,"46,474","2,24,32,293.85","2,557","32,495",69.92
RUSTOMJEE,EQ,09-02-2023,483.7,485.75,494.75,480.2,480.5,483.9,485.22,"11,808","57,29,510.15","1,422","6,612",56.0
RUSTOMJEE,EQ,10-02-2023,483.9,482.45,483.75,479.1,481.6,482.75,481.89,"3,965","19,10,707.40",670,"2,095",52.84
RUSTOMJEE,EQ,13-02-2023,482.75,480.0,486.05,477.3,482.85,480.95,481.28,"59,082","2,84,34,831.35","2,050","47,447",80.31
RUSTOMJEE,EQ,14-02-2023,480.95,479.0,495.95,474.05,493.65,487.45,483.94,"20,821","1,00,76,023.15","1,982","12,168",58.44
RUSTOMJEE,EQ,15-02-2023,487.45,484.95,495.8,482.55,486.35,490.85,491.15,"9,896","48,60,457.00","1,882","3,844",38.84
RUSTOMJEE,EQ,16-02-2023,490.85,496.0,496.0,471.1,473.05,474.95,479.07,"13,946","66,81,126.50",898,"9,335",66.94
RUSTOMJEE,EQ,17-02-2023,474.95,472.4,484.0,448.1,476.5,471.0,467.26,"84,344","3,94,10,235.25","2,132","63,088",74.8
RUSTOMJEE,EQ,20-02-2023,471.0,468.05,488.0,468.05,487.3,483.6,478.49,"1,14,034","5,45,63,745.90","1,571","94,829",83.16
RUSTOMJEE,EQ,21-02-2023,483.6,478.6,491.9,478.6,489.95,484.65,485.68,"14,969","72,70,118.00","1,394","5,816",38.85
RUSTOMJEE,EQ,22-02-2023,484.65,480.0,484.4,472.35,472.4,475.65,479.11,"9,029","43,25,870.00",458,"5,709",63.23
RUSTOMJEE,EQ,23-02-2023,475.65,477.95,477.95,465.65,468.5,466.75,470.51,"9,171","43,15,057.65",630,"3,964",43.22
RUSTOMJEE,EQ,24-02-2023,466.75,469.0,473.45,464.05,467.05,470.0,470.22,"17,979","84,54,018.95",579,"13,557",75.4
RUSTOMJEE,EQ,27-02-2023,470.0,466.0,466.95,441.0,461.0,454.65,448.53,"1,16,462","5,22,37,051.40","2,059","96,222",82.62
RUSTOMJEE,EQ,28-02-2023,454.65,456.95,458.95,447.95,457.05,453.15,452.39,"12,679","57,35,790.95",972,"8,004",63.13
RUSTOMJEE,EQ,01-03-2023,453.15,450.95,456.95,449.15,450.3,451.15,453.78,"3,310","15,02,016.55",406,"1,849",55.86
RUSTOMJEE,EQ,02-03-2023,451.15,451.55,466.8,445.05,457.0,455.25,455.67,"19,539","89,03,400.85","1,428","6,854",35.08
RUSTOMJEE,EQ,03-03-2023,455.25,454.95,494.7,454.95,476.75,477.6,478.33,"38,655","1,84,89,693.35","1,643","18,795",48.62
RUSTOMJEE,EQ,06-03-2023,477.6,479.8,480.0,466.55,467.7,468.6,472.39,"12,749","60,22,560.95",961,"5,865",46.0
RUSTOMJEE,EQ,08-03-2023,468.6,468.0,474.0,458.1,460.0,469.25,468.01,"76,048","3,55,91,053.20","1,517","56,420",74.19
RUSTOMJEE,EQ,09-03-2023,469.25,465.0,471.0,458.3,469.85,467.7,464.96,"87,409","4,06,42,108.05","5,912","68,007",77.8
RUSTOMJEE,EQ,10-03-2023,467.7,461.05,478.95,461.05,475.0,475.65,469.03,"21,786","1,02,18,188.15","1,447","7,071",32.46
RUSTOMJEE,EQ,13-03-2023,475.65,478.05,478.05,455.0,458.0,460.15,461.17,"30,469","1,40,51,496.65","2,109","20,975",68.84
RUSTOMJEE,EQ,14-03-2023,460.15,459.9,464.3,453.0,457.0,459.45,457.19,"41,584","1,90,11,842.80","3,631","19,723",47.43
RUSTOMJEE,EQ,15-03-2023,459.45,458.35,463.95,455.35,458.85,460.0,458.64,"12,239","56,13,276.10","1,357","8,325",68.02
RUSTOMJEE,EQ,16-03-2023,460.0,459.95,459.95,452.0,457.1,457.8,457.13,"15,799","72,22,226.40","1,711","11,356",71.88
RUSTOMJEE,EQ,17-03-2023,457.8,460.0,460.0,450.0,450.25,450.6,453.61,"8,624","39,11,920.50",626,"5,905",68.47
RUSTOMJEE,EQ,20-03-2023,450.6,450.0,458.95,441.0,450.0,454.3,446.79,"36,267","1,62,03,895.65","2,039","30,341",83.66
RUSTOMJEE,EQ,21-03-2023,454.3,454.3,464.8,450.05,462.0,458.35,455.82,"13,040","59,43,908.45","1,551","7,671",58.83
RUSTOMJEE,EQ,22-03-2023,458.35,455.65,462.45,442.4,448.8,446.0,450.15,"1,17,901","5,30,73,531.80",844,"1,12,096",95.08
RUSTOMJEE,EQ,23-03-2023,446.0,446.0,454.5,441.0,445.1,444.2,451.0,"2,00,659","9,04,96,498.80",921,"1,91,838",95.6
RUSTOMJEE,EQ,24-03-2023,444.2,444.2,455.55,435.1,455.0,446.85,444.21,"20,290","90,12,956.80","1,383","13,252",65.31
RUSTOMJEE,EQ,27-03-2023,446.85,449.1,454.9,441.2,447.0,449.45,447.77,"24,289","1,08,75,856.95","1,816","16,643",68.52
RUSTOMJEE,EQ,28-03-2023,449.45,447.0,453.95,435.55,443.0,446.3,442.14,"26,855","1,18,73,638.05","2,740","16,799",62.55
RUSTOMJEE,EQ,29-03-2023,446.3,448.55,464.0,435.0,462.0,450.05,450.09,"1,12,300","5,05,44,903.80","2,070","82,928",73.85
RUSTOMJEE,EQ,31-03-2023,450.05,452.35,469.4,452.3,463.0,463.15,461.45,"41,331","1,90,72,097.05","8,959","26,146",63.26
RUSTOMJEE,EQ,03-04-2023,463.15,469.65,469.65,450.2,451.0,452.15,453.59,"7,621","34,56,811.20",774,"5,523",72.47
RUSTOMJEE,EQ,05-04-2023,452.15,454.45,455.5,447.15,448.0,449.4,452.21,"4,484","20,27,723.60",422,"2,974",66.32
RUSTOMJEE,EQ,06-04-2023,449.4,451.65,455.0,449.0,449.0,450.15,451.49,"16,521","74,59,024.80","1,227","10,140",61.38
RUSTOMJEE,EQ,10-04-2023,450.15,448.2,459.0,439.75,442.0,441.75,447.46,"24,625","1,10,18,809.40","1,737","10,389",42.19
RUSTOMJEE,EQ,11-04-2023,441.75,444.95,458.0,442.05,454.8,455.9,453.72,"36,478","1,65,50,980.20","2,000","23,873",65.44
RUSTOMJEE,EQ,12-04-2023,455.9,455.9,459.05,451.0,453.1,452.7,454.98,"2,87,816","13,09,50,619.20",773,"2,83,685",98.56
RUSTOMJEE,EQ,13-04-2023,452.7,460.0,461.0,451.65,455.0,455.25,455.98,"12,826","58,48,401.25",742,"8,802",68.63
RUSTOMJEE,EQ,17-04-2023,455.25,450.0,456.05,440.25,451.0,450.0,448.85,"20,947","94,02,025.70","1,399","11,041",52.71
RUSTOMJEE,EQ,18-04-2023,450.0,460.0,460.0,441.3,451.0,450.05,446.95,"9,227","41,24,032.20",661,"4,505",48.82
RUSTOMJEE,EQ,19-04-2023,450.05,456.0,456.05,446.05,446.75,447.9,451.85,"9,165","41,41,239.25",586,"4,245",46.32
RUSTOMJEE,EQ,20-04-2023,447.9,453.9,453.95,441.0,441.5,442.15,445.8,"7,280","32,45,401.70",588,"4,629",63.59
RUSTOMJEE,EQ,21-04-2023,442.15,449.65,449.65,436.0,436.0,436.45,439.68,"13,196","58,02,004.15",855,"8,316",63.02
RUSTOMJEE,EQ,24-04-2023,436.45,444.0,444.75,432.05,440.0,440.8,438.98,"14,271","62,64,662.40","1,101","8,960",62.78
RUSTOMJEE,EQ,25-04-2023,440.8,436.55,452.0,436.5,446.95,448.6,447.89,"19,056","85,35,022.30",997,"12,189",63.96
RUSTOMJEE,EQ,26-04-2023,448.6,445.1,453.95,433.25,433.35,433.95,438.74,"25,626","1,12,43,166.70","1,736","18,513",72.24
RUSTOMJEE,EQ,27-04-2023,433.95,433.95,438.5,432.1,433.95,434.65,434.97,"12,078","52,53,592.30","1,204","8,473",70.15
RUSTOMJEE,EQ,28-04-2023,434.65,434.65,437.45,416.05,425.15,427.05,426.18,"65,221","2,77,95,636.70","2,791","39,997",61.33
RUSTOMJEE,EQ,02-05-2023,427.05,423.0,436.0,423.0,435.4,435.25,430.85,"91,883","3,95,87,556.20","1,625","81,752",88.97
RUSTOMJEE,EQ,03-05-2023,435.25,437.95,443.95,432.5,438.0,435.45,438.97,"13,278","58,28,637.05",829,"6,174",46.5
RUSTOMJEE,EQ,04-05-2023,435.45,438.95,454.25,434.05,453.0,450.35,446.46,"24,222","1,08,14,174.85","1,379","17,944",74.08
RUSTOMJEE,EQ,05-05-2023,450.35,455.0,457.0,443.35,443.55,445.85,451.97,"11,897","53,77,071.35",782,"6,111",51.37
RUSTOMJEE,EQ,08-05-2023,445.85,446.15,455.4,445.6,448.05,448.65,451.12,"7,580","34,19,498.40",566,"3,997",52.73
RUSTOMJEE,EQ,09-05-2023,448.65,448.65,468.9,446.2,461.0,459.85,457.6,"34,985","1,60,09,112.10","6,491","21,949",62.74
RUSTOMJEE,EQ,10-05-2023,459.85,464.45,464.45,450.0,454.95,453.8,455.18,"5,859","26,66,880.30",654,"3,192",54.48
RUSTOMJEE,EQ,11-05-2023,453.8,453.85,457.75,450.15,455.0,453.75,454.7,"3,421","15,55,538.80",401,"1,897",55.45
RUSTOMJEE,EQ,12-05-2023,453.75,453.0,456.05,446.0,446.0,448.05,449.37,"4,870","21,88,425.10",420,"2,874",59.01
RUSTOMJEE,EQ,15-05-2023,448.05,445.0,468.0,441.5,460.45,465.25,460.56,"42,401","1,95,28,296.50","2,699","24,822",58.54
RUSTOMJEE,EQ,16-05-2023,465.25,464.45,466.3,452.1,465.85,465.45,460.46,"14,289","65,79,471.70","1,335","9,577",67.02
RUSTOMJEE,EQ,17-05-2023,465.45,472.0,474.9,460.1,467.0,467.2,465.59,"7,406","34,48,159.00","1,012","4,484",60.55
RUSTOMJEE,EQ,18-05-2023,467.2,467.2,482.0,462.45,475.05,475.3,475.58,"27,038","1,28,58,695.45","1,042","17,566",64.97
RUSTOMJEE,EQ,19-05-2023,475.3,477.35,485.0,475.95,478.9,478.75,480.8,"17,246","82,91,899.55","1,002","10,557",61.21
RUSTOMJEE,EQ,22-05-2023,478.75,477.85,507.7,465.95,479.9,496.6,493.89,"1,13,560","5,60,85,672.95","2,796","35,868",31.59
RUSTOMJEE,EQ,23-05-2023,496.6,489.15,504.7,476.0,500.9,500.1,495.46,"1,43,242","7,09,70,228.05","4,928","85,886",59.96
RUSTOMJEE,EQ,24-05-2023,500.1,501.8,510.45,492.3,509.0,509.1,502.38,"53,885","2,70,70,590.05","3,556","35,705",66.26
RUSTOMJEE,EQ,25-05-2023,509.1,509.9,511.0,496.35,506.15,504.1,505.35,"36,038","1,82,11,902.25","5,905","14,421",40.02
RUSTOMJEE,EQ,26-05-2023,504.1,504.85,516.0,496.3,508.0,502.65,506.2,"44,509","2,25,30,589.50","3,067","25,102",56.4
RUSTOMJEE,EQ,29-05-2023,502.65,507.0,523.95,499.5,517.0,516.4,513.85,"57,978","2,97,91,831.50","4,388","33,310",57.45
RUSTOMJEE,EQ,30-05-2023,516.4,516.5,524.0,509.0,510.1,510.95,518.19,"35,300","1,82,92,129.50","1,155","24,402",69.13
RUSTOMJEE,EQ,31-05-2023,510.95,513.95,519.0,503.05,519.0,515.4,510.44,"10,385","53,00,928.40",593,"7,186",69.2
RUSTOMJEE,EQ,01-06-2023,515.4,519.8,519.8,508.1,509.0,509.65,513.03,"7,205","36,96,347.95",672,"3,984",55.29
RUSTOMJEE,EQ,02-06-2023,509.65,509.65,528.95,507.6,525.0,525.15,521.37,"31,104","1,62,16,574.80","1,187","25,914",83.31
RUSTOMJEE,EQ,05-06-2023,525.15,532.0,532.0,517.95,525.0,525.05,524.84,"14,900","78,20,081.90",885,"10,457",70.18
RUSTOMJEE,EQ,06-06-2023,525.05,525.0,565.0,515.05,564.05,563.55,555.27,"2,36,178","13,11,43,049.20","7,035","1,49,967",63.5
RUSTOMJEE,EQ,07-06-2023,563.55,564.9,573.85,555.65,570.0,566.2,566.77,"92,591","5,24,77,432.55","2,466","65,305",70.53
RUSTOMJEE,EQ,08-06-2023,566.2,568.0,568.0,548.2,557.0,555.65,556.21,"60,453","3,36,24,793.20","3,769","37,061",61.31
RUSTOMJEE,EQ,09-06-2023,555.65,555.55,558.25,541.0,555.5,550.0,550.26,"4,44,094","24,43,69,003.15","1,786","4,26,037",95.93
RUSTOMJEE,EQ,12-06-2023,550.0,557.95,565.0,551.1,560.0,560.05,560.35,"71,313","3,99,60,242.35","3,443","54,937",77.04
RUSTOMJEE,EQ,13-06-2023,560.05,560.05,567.0,558.15,564.0,564.55,564.26,"31,126","1,75,63,018.60","1,418","24,115",77.48
RUSTOMJEE,EQ,14-06-2023,564.55,567.0,567.4,556.65,560.8,561.8,564.15,"84,383","4,76,04,419.80","1,739","64,692",76.66
RUSTOMJEE,EQ,15-06-2023,561.8,558.45,561.9,546.0,560.0,560.3,558.24,"16,450","91,83,115.30","1,028","11,769",71.54
RUSTOMJEE,EQ,16-06-2023,560.3,562.0,564.65,555.1,559.0,559.35,559.43,"17,184","96,13,163.45",981,"11,124",64.73
RUSTOMJEE,EQ,19-06-2023,559.35,560.0,563.95,546.0,549.5,553.8,559.7,"1,61,069","9,01,49,763.90","4,258","1,36,643",84.84
RUSTOMJEE,EQ,20-06-2023,553.8,554.0,555.95,532.35,549.0,547.9,544.85,"1,02,903","5,60,66,553.30","2,894","62,074",60.32
RUSTOMJEE,EQ,21-06-2023,547.9,547.95,554.0,541.0,546.8,547.45,548.85,"1,15,751","6,35,30,002.00","1,434","1,05,572",91.21
RUSTOMJEE,EQ,22-06-2023,547.45,545.0,552.4,542.0,548.2,548.95,547.83,"91,785","5,02,82,517.90","1,118","81,625",88.93
RUSTOMJEE,EQ,23-06-2023,548.95,548.95,556.2,536.55,555.5,551.0,545.12,"34,218","1,86,52,927.30","1,652","18,700",54.65
RUSTOMJEE,EQ,26-06-2023,551.0,554.0,555.0,538.55,550.0,551.75,549.66,"1,68,348","9,25,33,743.30","2,017","1,48,934",88.47
RUSTOMJEE,EQ,27-06-2023,551.75,546.7,558.85,546.65,554.0,552.55,553.4,"18,035","99,80,573.05","1,762","10,873",60.29
RUSTOMJEE,EQ,28-06-2023,552.55,547.0,572.0,547.0,556.35,564.65,560.87,"40,141","2,25,13,737.60","2,081","23,520",58.59
RUSTOMJEE,EQ,30-06-2023,564.65,553.5,587.0,553.5,575.85,577.8,577.59,"1,34,346","7,75,96,896.55","5,521","73,662",54.83
RUSTOMJEE,EQ,03-07-2023,577.8,584.0,588.35,572.05,580.0,580.4,580.33,"52,734","3,06,03,145.60","2,190","36,213",68.67
RUSTOMJEE,EQ,04-07-2023,580.4,578.75,587.0,573.85,580.0,580.2,580.68,"35,082","2,03,71,394.80","1,923","20,533",58.53
RUSTOMJEE,EQ,05-07-2023,580.2,579.05,584.0,575.0,580.0,579.45,579.45,"67,650","3,91,99,983.60","1,549","57,283",84.68
RUSTOMJEE,EQ,06-07-2023,579.45,580.0,591.0,575.05,585.0,579.85,580.7,"1,06,029","6,15,71,078.05","1,977","92,028",86.8
RUSTOMJEE,EQ,07-07-2023,579.85,584.9,585.0,562.85,585.0,578.15,577.16,"29,056","1,67,70,040.25","1,730","17,249",59.36
RUSTOMJEE,EQ,10-07-2023,578.15,594.0,618.0,586.5,611.0,612.75,605.76,"2,54,010","15,38,68,474.95","10,209","84,103",33.11
RUSTOMJEE,EQ,11-07-2023,612.75,618.95,627.0,603.1,603.2,608.75,615.64,"77,193","4,75,22,963.80","4,490","38,868",50.35
RUSTOMJEE,EQ,12-07-2023,608.75,607.6,608.75,593.75,600.05,602.4,600.69,"53,590","3,21,91,092.15","2,729","29,221",54.53
RUSTOMJEE,EQ,13-07-2023,602.4,603.0,611.5,594.2,610.0,608.2,604.21,"30,757","1,85,83,592.60","1,842","17,754",57.72
RUSTOMJEE,EQ,14-07-2023,608.2,602.0,621.95,601.2,601.5,604.65,611.96,"25,099","1,53,59,668.30","1,980","10,431",41.56
RUSTOMJEE,EQ,17-07-2023,604.65,613.4,635.0,608.3,621.0,619.35,622.93,"82,634","5,14,75,147.70","6,673","47,876",57.94
RUSTOMJEE,EQ,18-07-2023,619.35,621.75,658.95,619.85,626.5,625.9,639.29,"1,19,610","7,64,65,981.65","7,493","50,093",41.88
RUSTOMJEE,EQ,19-07-2023,625.9,625.0,636.0,609.0,611.0,610.6,619.44,"34,611","2,14,39,350.20","2,766","20,418",58.99
RUSTOMJEE,EQ,20-07-2023,610.6,610.6,612.35,600.1,602.2,601.8,604.03,"26,417","1,59,56,610.20","3,804","15,948",60.37
RUSTOMJEE,EQ,21-07-2023,601.8,601.75,608.7,588.05,592.0,591.25,595.82,"17,001","1,01,29,568.10","1,699","8,136",47.86
RUSTOMJEE,EQ,24-07-2023,591.25,591.25,608.0,591.25,608.0,606.45,602.99,"18,762","1,13,13,252.05","1,604","9,693",51.66
RUSTOMJEE,EQ,25-07-2023,606.45,606.45,614.45,600.0,604.0,602.25,605.92,"12,591","76,29,105.00","1,782","6,298",50.02
RUSTOMJEE,EQ,26-07-2023,602.25,611.0,611.0,563.15,570.5,571.5,583.4,"88,719","5,17,58,870.50","6,331","40,807",46.0
RUSTOMJEE,EQ,27-07-2023,571.5,578.9,581.05,560.5,569.9,570.95,569.23,"33,534","1,90,88,713.55","2,682","15,460",46.1
RUSTOMJEE,EQ,28-07-2023,570.95,571.0,590.55,568.35,575.25,578.5,576.56,"21,272","1,22,64,577.70","1,591","12,960",60.93
RUSTOMJEE,EQ,31-07-2023,578.5,585.0,595.0,566.05,576.0,575.95,578.78,"27,109","1,56,90,166.10","1,576","13,767",50.78
RUSTOMJEE,EQ,01-08-2023,575.95,576.0,614.7,576.0,603.0,603.05,601.63,"71,592","4,30,71,998.90","3,621","30,839",43.08
RUSTOMJEE,EQ,02-08-2023,603.05,604.95,611.25,572.6,576.0,575.55,588.18,"33,977","1,99,84,475.75","2,296","17,750",52.24
RUSTOMJEE,EQ,03-08-2023,575.55,576.0,587.3,571.0,571.0,573.55,578.35,"25,193","1,45,70,294.25","1,833","12,414",49.28
RUSTOMJEE,EQ,04-08-2023,573.55,584.95,588.8,567.15,570.0,569.85,576.38,"12,499","72,04,167.20","1,386","6,243",49.95
RUSTOMJEE,EQ,07-08-2023,569.85,569.85,626.8,561.2,626.8,626.8,616.81,"2,01,201","12,41,03,417.40","3,436","64,756",32.18
RUSTOMJEE,EQ,08-08-2023,626.8,642.95,642.95,596.0,619.9,616.35,618.61,"1,99,215","12,32,35,619.40","6,924","74,953",37.62
RUSTOMJEE,EQ,09-08-2023,616.35,621.95,622.0,601.1,605.0,606.9,607.44,"21,257","1,29,12,275.15","1,344","8,817",41.48
RUSTOMJEE,EQ,10-08-2023,606.9,614.75,617.95,602.0,603.55,608.8,609.3,"18,742","1,14,19,415.85","1,353","10,214",54.5
RUSTOMJEE,EQ,11-08-2023,608.8,608.8,614.75,595.8,601.8,601.45,601.85,"18,217","1,09,63,811.25","1,208","13,147",72.17
RUSTOMJEE,EQ,14-08-2023,601.45,601.45,606.05,578.0,587.9,584.7,591.26,"33,212","1,96,36,959.65","2,537","21,854",65.8
RUSTOMJEE,EQ,16-08-2023,584.7,589.9,599.05,582.35,583.5,588.25,589.72,"23,095","1,36,19,538.95","1,624","14,062",60.89
RUSTOMJEE,EQ,17-08-2023,588.25,592.0,597.55,581.6,592.4,592.3,587.96,"12,451","73,20,660.40","1,189","6,574",52.8
RUSTOMJEE,EQ,18-08-2023,592.3,597.65,603.95,588.0,589.5,590.8,593.96,"8,169","48,52,092.30","1,082","2,736",33.49
RUSTOMJEE,EQ,21-08-2023,590.8,589.7,590.0,580.0,586.8,584.95,584.97,"8,315","48,64,015.70",678,"5,408",65.04
RUSTOMJEE,EQ,22-08-2023,584.95,590.0,612.0,575.25,595.95,597.55,592.96,"34,508","2,04,61,744.70","4,266","15,866",45.98
RUSTOMJEE,EQ,23-08-2023,597.55,585.0,610.0,585.0,610.0,607.5,603.18,"16,627","1,00,29,004.90","1,590","10,752",64.67
RUSTOMJEE,EQ,24-08-2023,607.5,607.9,608.95,591.0,591.0,596.3,599.27,"15,354","92,01,142.75","2,079","6,939",45.19
RUSTOMJEE,EQ,25-08-2023,596.3,590.5,604.0,583.0,589.4,585.35,589.93,"6,883","40,60,519.90",721,"3,170",46.06
RUSTOMJEE,EQ,28-08-2023,585.35,582.8,593.9,578.05,578.2,579.45,584.02,"6,696","39,10,625.80",874,"3,195",47.72
RUSTOMJEE,EQ,29-08-2023,579.45,579.45,589.45,575.05,579.5,576.85,580.97,"9,329","54,19,900.30",877,"4,594",49.24
RUSTOMJEE,EQ,30-08-2023,576.85,576.85,607.95,576.85,605.0,602.1,583.27,"4,04,403","23,58,74,712.85","2,370","15,239",3.77
RUSTOMJEE,EQ,31-08-2023,602.1,604.9,619.0,590.0,605.0,603.2,602.97,"36,362","2,19,25,346.25","2,409","18,120",49.83
RUSTOMJEE,EQ,01-09-2023,603.2,597.0,610.0,597.0,604.45,606.2,605.72,"23,825","1,44,31,370.80","1,607","15,054",63.19
RUSTOMJEE,EQ,04-09-2023,606.2,609.85,620.0,605.1,615.0,612.2,612.21,"17,478","1,07,00,217.75","1,969","9,962",57.0
RUSTOMJEE,EQ,05-09-2023,612.2,615.0,625.0,609.1,620.1,621.45,619.45,"24,869","1,54,05,029.75","2,289","16,346",65.73
RUSTOMJEE,EQ,06-09-2023,621.45,624.0,628.3,590.5,594.9,594.45,602.05,"54,054","3,25,43,292.55","2,546","31,888",58.99
RUSTOMJEE,EQ,07-09-2023,594.45,594.5,603.8,585.15,588.1,590.25,596.11,"28,702","1,71,09,678.45","1,649","19,885",69.28
RUSTOMJEE,EQ,08-09-2023,590.25,594.9,598.8,586.05,589.1,589.7,590.34,"41,736","2,46,38,344.05",899,"33,378",79.97
RUSTOMJEE,EQ,11-09-2023,589.7,595.0,595.0,585.05,590.0,590.25,590.87,"1,62,975","9,62,97,758.20","2,542","1,51,964",93.24
RUSTOMJEE,EQ,12-09-2023,590.25,595.85,595.85,560.0,585.0,584.95,581.31,"38,074","2,21,32,982.90","1,791","22,504",59.11
RUSTOMJEE,EQ,13-09-2023,584.95,584.95,590.0,570.1,580.5,581.5,580.02,"13,918","80,72,761.90",742,"7,554",54.28
RUSTOMJEE,EQ,14-09-2023,581.5,589.9,589.9,578.05,581.4,580.3,582.87,"20,901","1,21,82,487.50","1,296","11,340",54.26
RUSTOMJEE,EQ,15-09-2023,580.3,586.0,598.0,580.15,592.8,590.9,589.57,"28,564","1,68,40,484.75","2,241","21,967",76.9
RUSTOMJEE,EQ,18-09-2023,590.9,582.05,597.95,580.6,588.0,584.65,588.54,"11,392","67,04,601.20","1,552","6,318",55.46
RUSTOMJEE,EQ,20-09-2023,584.65,589.0,612.0,533.4,581.7,582.15,591.33,"56,335","3,33,12,433.80","4,468","23,991",42.59
RUSTOMJEE,EQ,21-09-2023,582.15,580.05,582.75,570.2,579.95,574.9,578.16,"7,989","46,18,898.20",998,"4,750",59.46
RUSTOMJEE,EQ,22-09-2023,574.9,570.3,579.3,567.0,569.2,570.1,570.29,"13,043","74,38,240.90","1,203","8,785",67.35
RUSTOMJEE,EQ,25-09-2023,570.1,565.0,580.0,562.55,580.0,568.2,566.85,"35,861","2,03,27,655.75","1,934","25,074",69.92
RUSTOMJEE,EQ,26-09-2023,568.2,565.1,580.0,565.1,570.0,574.5,572.93,"22,459","1,28,67,452.15","1,804","12,195",54.3
RUSTOMJEE,EQ,27-09-2023,574.5,572.05,573.0,552.35,570.0,569.7,567.1,"29,858","1,69,32,330.15","2,043","22,195",74.34
RUSTOMJEE,EQ,28-09-2023,569.7,572.8,572.8,543.05,545.0,548.15,552.04,"66,931","3,69,48,267.20","4,513","42,057",62.84
RUSTOMJEE,EQ,29-09-2023,548.15,549.85,564.0,545.95,562.0,562.05,558.21,"27,917","1,55,83,484.00","2,209","18,127",64.93
RUSTOMJEE,EQ,03-10-2023,562.05,570.0,572.0,544.65,547.0,546.3,553.72,"22,727","1,25,84,480.70","2,563","11,944",52.55
RUSTOMJEE,EQ,04-10-2023,546.3,532.35,545.3,532.35,540.0,540.5,538.96,"26,069","1,40,50,031.65","4,153","15,668",60.1
RUSTOMJEE,EQ,05-10-2023,540.5,540.5,547.3,532.5,536.1,538.1,537.63,"14,626","78,63,424.85","2,452","7,835",53.57
RUSTOMJEE,EQ,06-10-2023,538.1,536.1,544.35,532.35,534.5,536.3,536.27,"20,019","1,07,35,606.30","2,678","10,568",52.79
RUSTOMJEE,EQ,09-10-2023,536.3,539.0,539.0,526.0,535.0,535.15,531.5,"17,987","95,60,141.40","2,869","11,723",65.17
RUSTOMJEE,EQ,10-10-2023,535.15,548.3,587.5,537.15,567.0,564.3,561.81,"1,98,882","11,17,34,119.80","10,504","70,311",35.35
RUSTOMJEE,EQ,11-10-2023,564.3,570.0,588.45,565.0,573.95,576.35,578.68,"71,765","4,15,29,118.35","3,494","29,858",41.61
RUSTOMJEE,EQ,12-10-2023,576.35,568.05,595.7,568.05,587.75,589.6,588.3,"95,685","5,62,91,025.10","7,688","50,741",53.03
RUSTOMJEE,EQ,13-10-2023,589.6,585.3,600.95,578.05,590.0,590.3,592.66,"54,057","3,20,37,462.75","2,560","30,533",56.48
RUSTOMJEE,EQ,16-10-2023,590.3,590.3,590.3,576.4,582.0,586.8,583.54,"28,194","1,64,52,384.00","1,692","16,564",58.75
RUSTOMJEE,EQ,17-10-2023,586.8,588.9,588.9,575.0,578.7,577.25,580.13,"9,769","56,67,264.55","1,133","4,852",49.67
RUSTOMJEE,EQ,18-10-2023,577.25,577.25,582.5,520.0,557.0,562.95,557.03,"92,856","5,17,23,615.70","6,535","45,407",48.9
RUSTOMJEE,EQ,19-10-2023,562.95,574.0,574.0,555.0,568.95,567.15,569.11,"17,631","1,00,33,941.20","1,454","9,707",55.06
RUSTOMJEE,EQ,20-10-2023,567.15,569.0,573.45,562.55,565.1,571.2,567.71,"19,405","1,10,16,368.60","2,394","10,184",52.48
RUSTOMJEE,EQ,23-10-2023,571.2,571.2,571.95,542.0,542.55,545.9,553.35,"20,998","1,16,19,180.30","1,728","9,520",45.34
RUSTOMJEE,EQ,25-10-2023,545.9,546.0,563.7,531.4,534.0,535.75,539.41,"23,851","1,28,65,514.90","2,677","13,481",56.52
RUSTOMJEE,EQ,26-10-2023,535.75,544.95,558.9,518.0,535.0,539.35,533.73,"34,401","1,83,60,776.10","4,139","16,298",47.38
RUSTOMJEE,EQ,27-10-2023,539.35,544.4,548.9,538.05,543.25,546.3,545.22,"9,637","52,54,249.55","1,024","6,448",66.91
RUSTOMJEE,EQ,30-10-2023,546.3,546.3,549.0,537.05,542.0,539.65,542.26,"8,170","44,30,302.80",723,"5,170",63.28
RUSTOMJEE,EQ,31-10-2023,539.65,544.45,548.3,537.1,545.45,544.85,543.78,"3,552","19,31,521.85",543,"1,592",44.82
RUSTOMJEE,EQ,01-11-2023,544.85,547.95,551.5,535.1,536.05,537.4,543.12,"5,225","28,37,776.00",670,"2,571",49.21
RUSTOMJEE,EQ,02-11-2023,537.4,543.0,552.1,535.1,540.0,544.25,545.17,"6,828","37,22,412.90",823,"3,483",51.01
RUSTOMJEE,EQ,03-11-2023,544.25,549.6,551.95,535.0,540.0,542.4,542.23,"12,698","68,85,233.55",968,"9,350",73.63
RUSTOMJEE,EQ,06-11-2023,542.4,540.45,546.35,532.1,536.3,538.35,539.52,"12,901","69,60,344.40",811,"7,688",59.59
RUSTOMJEE,EQ,07-11-2023,538.35,538.35,544.95,530.55,535.0,535.3,538.2,"8,675","46,68,848.20",885,"4,076",46.99
RUSTOMJEE,EQ,08-11-2023,535.3,537.55,545.4,535.05,540.5,541.85,542.2,"4,598","24,93,012.80",458,"2,579",56.09
RUSTOMJEE,EQ,09-11-2023,541.85,537.15,567.85,537.15,559.9,557.8,554.75,"18,198","1,00,95,271.00","1,614","11,845",65.09
RUSTOMJEE,EQ,10-11-2023,557.8,557.8,561.4,548.0,549.0,549.25,553.01,"3,568","19,73,141.45",467,"2,588",72.53
RUSTOMJEE,EQ,12-11-2023,549.25,549.25,559.95,549.25,551.0,553.2,554.26,"3,099","17,17,656.75",189,"2,208",71.25
RUSTOMJEE,EQ,13-11-2023,553.2,542.5,565.4,542.5,561.0,559.6,553.87,"12,650","70,06,393.50",912,"6,659",52.64
RUSTOMJEE,EQ,15-11-2023,559.6,555.05,577.15,555.05,559.05,560.15,566.69,"25,681","1,45,53,285.45","1,779","17,784",69.25
RUSTOMJEE,EQ,16-11-2023,560.15,564.3,564.3,540.1,543.2,544.35,551.47,"19,453","1,07,27,792.45","1,298","14,452",74.29
RUSTOMJEE,EQ,17-11-2023,544.35,551.4,551.4,541.4,545.25,543.4,545.87,"11,234","61,32,260.25",972,"7,815",69.57
RUSTOMJEE,EQ,20-11-2023,543.4,540.1,549.5,540.1,547.0,544.05,543.1,"8,947","48,59,092.15",666,"5,193",58.04
RUSTOMJEE,EQ,21-11-2023,544.05,549.6,551.75,541.6,545.0,543.9,544.85,"7,035","38,33,037.00",579,"4,781",67.96
RUSTOMJEE,EQ,22-11-2023,543.9,548.5,548.5,536.85,541.0,540.45,540.5,"8,330","45,02,398.25",521,"4,690",56.3
RUSTOMJEE,EQ,23-11-2023,540.45,545.6,548.0,538.0,538.0,539.7,541.96,"26,486","1,43,54,454.40","1,089","17,626",66.55
RUSTOMJEE,EQ,24-11-2023,539.7,545.0,545.45,535.5,536.0,536.65,540.73,"16,095","87,03,012.75",890,"12,221",75.93
RUSTOMJEE,EQ,28-11-2023,536.65,544.0,550.05,534.3,548.1,547.65,544.3,"14,923","81,22,635.85",895,"9,806",65.71
RUSTOMJEE,EQ,29-11-2023,547.65,554.9,556.95,543.35,548.0,545.6,548.5,"22,727","1,24,65,672.85",779,"18,910",83.2
RUSTOMJEE,EQ,30-11-2023,545.6,545.6,562.95,545.6,550.0,549.2,554.17,"18,968","1,05,11,405.95","1,153","10,943",57.69
RUSTOMJEE,EQ,01-12-2023,549.2,549.2,579.0,545.0,577.0,576.55,548.57,"5,82,523","31,95,54,805.00","2,558","5,44,931",93.55
RUSTOMJEE,EQ,04-12-2023,576.55,585.05,602.5,580.0,585.0,585.6,587.13,"67,671","3,97,31,373.10","2,153","45,587",67.37
RUSTOMJEE,EQ,05-12-2023,585.6,591.0,592.0,582.05,590.0,590.95,589.88,"41,312","2,43,69,049.05","1,500","29,307",70.94
RUSTOMJEE,EQ,06-12-2023,590.95,586.05,594.85,578.0,589.0,591.9,592.07,"36,247","2,14,60,885.70",902,"25,329",69.88
RUSTOMJEE,EQ,07-12-2023,591.9,585.0,596.95,577.05,595.9,595.2,591.51,"39,919","2,36,12,557.80","1,041","28,300",70.89
RUSTOMJEE,EQ,08-12-2023,595.2,595.0,599.9,581.0,581.4,590.4,594.7,"57,860","3,44,09,324.50","1,609","35,591",61.51
RUSTOMJEE,EQ,11-12-2023,590.4,588.0,600.0,585.2,597.0,598.5,594.72,"94,544","5,62,27,151.35","1,349","70,897",74.99
RUSTOMJEE,EQ,12-12-2023,598.5,600.0,606.15,593.6,599.9,598.15,603.07,"1,85,259","11,17,23,525.10","1,367","1,61,615",87.24
RUSTOMJEE,EQ,13-12-2023,598.15,598.15,610.0,591.05,607.5,607.1,603.61,"2,08,606","12,59,16,897.30","1,312","1,82,007",87.25
RUSTOMJEE,EQ,14-12-2023,607.1,610.0,610.0,599.55,609.0,608.5,604.5,"2,89,459","17,49,78,087.55","1,576","2,60,997",90.17
RUSTOMJEE,EQ,15-12-2023,608.5,610.0,613.0,596.2,601.1,602.1,604.38,"66,284","4,00,60,787.50","1,410","37,081",55.94
RUSTOMJEE,EQ,18-12-2023,602.1,605.1,606.25,599.0,599.35,602.1,604.2,"1,16,504","7,03,91,280.35",860,"1,10,113",94.51
RUSTOMJEE,EQ,19-12-2023,602.1,608.0,609.6,579.95,590.5,588.4,603.45,"3,01,059","18,16,75,336.35","1,380","2,78,741",92.59
RUSTOMJEE,EQ,20-12-2023,588.4,594.0,603.0,561.05,570.0,566.8,597.58,"1,82,013","10,87,66,622.05","1,238","1,58,668",87.17
RUSTOMJEE,EQ,21-12-2023,566.8,565.0,576.65,563.4,569.25,572.45,571.04,"16,703","95,38,009.55",863,"8,605",51.52
RUSTOMJEE,EQ,22-12-2023,572.45,575.05,618.85,574.3,615.2,612.55,605.77,"98,964","5,99,48,952.25","3,312","54,767",55.34
RUSTOMJEE,EQ,26-12-2023,612.55,612.95,623.95,609.8,617.0,612.75,615.57,"1,77,172","10,90,61,145.05","4,936","1,46,265",82.56
RUSTOMJEE,EQ,27-12-2023,612.75,618.8,619.4,607.6,614.25,616.45,615.64,"38,028","2,34,11,613.95","1,423","27,934",73.46
RUSTOMJEE,EQ,28-12-2023,616.45,622.45,625.0,605.0,621.2,621.7,613.67,"55,045","3,37,79,285.40","1,398","37,701",68.49
RUSTOMJEE,EQ,29-12-2023,621.7,624.95,657.0,614.8,641.0,640.2,624.42,"2,13,348","13,32,19,380.60","3,399","1,84,718",86.58
RUSTOMJEE,EQ,01-01-2024,640.2,640.2,645.05,625.15,635.0,634.6,634.51,"33,566","2,12,97,856.70","1,330","21,694",64.63
RUSTOMJEE,EQ,02-01-2024,634.6,634.7,683.9,634.7,657.8,659.4,661.98,"1,22,604","8,11,61,655.85","4,088","59,773",48.75
RUSTOMJEE,EQ,03-01-2024,659.4,665.9,665.9,621.0,625.0,633.0,654.68,"4,85,745","31,80,09,146.05","2,509","4,56,749",94.03
RUSTOMJEE,EQ,04-01-2024,633.0,628.6,696.3,624.55,675.1,676.5,677.02,"4,17,915","28,29,35,607.45","7,978","1,88,433",45.09
RUSTOMJEE,EQ,05-01-2024,676.5,695.0,696.4,660.0,672.0,664.95,679.85,"71,408","4,85,46,835.45","2,588","33,256",46.57
RUSTOMJEE,EQ,08-01-2024,664.95,668.3,714.8,668.3,712.8,710.85,705.28,"4,11,820","29,04,50,429.05","7,316","2,62,570",63.76
RUSTOMJEE,EQ,09-01-2024,710.85,718.0,734.9,694.7,714.95,700.6,715.77,"90,884","6,50,51,667.15","3,389","36,803",40.49
RUSTOMJEE,EQ,10-01-2024,700.6,705.0,711.45,685.0,693.25,692.9,692.47,"54,753","3,79,14,628.15","2,415","22,239",40.62
RUSTOMJEE,EQ,11-01-2024,692.9,697.0,714.3,689.25,712.0,709.0,702.43,"44,594","3,13,23,999.15","2,414","21,353",47.88
RUSTOMJEE,EQ,12-01-2024,709.0,709.0,724.0,697.55,714.0,707.65,712.14,"58,812","4,18,82,578.10","2,862","29,712",50.52
RUSTOMJEE,EQ,15-01-2024,707.65,714.5,734.55,699.45,715.0,720.1,721.04,"92,072","6,63,87,276.85","3,956","49,391",53.64
RUSTOMJEE,EQ,16-01-2024,720.1,727.0,730.95,700.55,711.15,712.85,713.49,"54,242","3,87,01,163.55","2,637","27,975",51.57
RUSTOMJEE,EQ,17-01-2024,712.85,706.0,712.75,691.6,695.35,697.3,700.87,"55,708","3,90,43,875.95","2,913","30,151",54.12
RUSTOMJEE,EQ,18-01-2024,697.3,704.2,715.0,672.0,696.2,703.1,699.88,"86,400","6,04,69,992.95","6,009","22,839",26.43
RUSTOMJEE,EQ,19-01-2024,703.1,708.95,712.05,695.5,698.35,702.75,704.52,"34,523","2,43,22,303.05","1,871","19,528",56.57
RUSTOMJEE,EQ,20-01-2024,702.75,703.05,720.0,695.0,699.65,701.2,709.15,"22,742","1,61,27,521.95","1,503","12,404",54.54
RUSTOMJEE,EQ,23-01-2024,701.2,712.0,730.0,676.0,683.0,683.2,698.98,"43,898","3,06,83,816.60","2,958","18,075",41.17
RUSTOMJEE,EQ,24-01-2024,683.2,676.5,696.7,654.05,661.7,663.95,671.05,"61,683","4,13,92,626.30","2,929","43,160",69.97
RUSTOMJEE,EQ,25-01-2024,663.95,665.0,694.0,665.0,692.0,692.25,685.92,"32,467","2,22,69,897.75","1,896","16,805",51.76
RUSTOMJEE,EQ,29-01-2024,692.25,695.7,715.0,692.25,710.0,704.2,705.12,"65,047","4,58,65,684.00","2,978","31,906",49.05
RUSTOMJEE,EQ,30-01-2024,704.2,709.0,750.0,701.15,707.0,713.0,727.44,"4,65,427","33,85,69,170.55","12,114","96,340",20.7
RUSTOMJEE,EQ,31-01-2024,713.0,717.0,723.85,686.6,710.0,711.55,707.54,"71,972","5,09,22,966.60","3,564","28,545",39.66
RUSTOMJEE,EQ,01-02-2024,711.55,715.0,715.0,691.4,695.0,695.9,699.12,"39,761","2,77,97,529.05","2,052","24,215",60.9
RUSTOMJEE,EQ,02-02-2024,695.9,692.2,707.95,685.0,685.5,685.35,691.86,"29,437","2,03,66,263.55","1,509","16,605",56.41
RUSTOMJEE,EQ,05-02-2024,685.35,688.8,694.75,676.0,679.95,677.0,682.0,"18,233","1,24,34,973.10",915,"10,619",58.24
RUSTOMJEE,EQ,06-02-2024,677.0,677.0,685.0,660.2,665.0,665.75,671.47,"30,770","2,06,61,243.75","1,236","16,932",55.03
RUSTOMJEE,EQ,07-02-2024,665.75,666.0,682.7,665.8,675.0,668.4,673.92,"16,822","1,13,36,711.75",903,"6,949",41.31
RUSTOMJEE,EQ,08-02-2024,668.4,671.5,682.45,660.0,661.0,663.5,670.09,"13,222","88,59,874.10",927,"5,814",43.97
RUSTOMJEE,EQ,09-02-2024,663.5,665.0,668.8,630.55,646.0,643.6,646.77,"33,921","2,19,38,978.55","1,487","19,245",56.73
RUSTOMJEE,EQ,12-02-2024,643.6,646.85,667.0,627.3,655.0,650.2,642.93,"37,158","2,38,90,046.50","2,395","24,244",65.25
RUSTOMJEE,EQ,13-02-2024,650.2,651.0,654.7,632.1,636.3,636.0,639.3,"9,341","59,71,716.60",825,"4,472",47.87
RUSTOMJEE,EQ,14-02-2024,636.0,639.2,679.0,632.1,652.85,670.85,665.28,"31,917","2,12,33,805.30","1,201","17,203",53.9
RUSTOMJEE,EQ,15-02-2024,670.85,668.8,682.0,658.05,663.9,661.9,669.16,"12,315","82,40,646.55",734,"5,108",41.48
RUSTOMJEE,EQ,16-02-2024,661.9,661.25,685.0,655.1,684.0,677.1,666.66,"18,878","1,25,85,121.40","1,758","10,258",54.34
RUSTOMJEE,EQ,19-02-2024,677.1,682.0,733.9,680.65,730.0,723.8,713.81,"1,55,652","11,11,06,725.50","3,251","1,08,247",69.54
RUSTOMJEE,EQ,20-02-2024,723.8,734.0,740.0,710.55,723.0,725.05,728.77,"83,467","6,08,27,993.40","2,270","58,759",70.4
RUSTOMJEE,EQ,21-02-2024,725.05,728.7,750.0,717.95,737.55,738.95,740.69,"1,37,301","10,16,96,943.40","4,800","80,744",58.81
RUSTOMJEE,EQ,22-02-2024,738.95,745.55,750.0,713.1,719.0,722.55,729.14,"74,156","5,40,70,155.35","3,111","40,358",54.42
RUSTOMJEE,EQ,23-02-2024,722.55,721.0,734.7,680.55,685.0,686.3,699.57,"1,74,304","12,19,38,077.90","4,226","1,42,301",81.64
RUSTOMJEE,EQ,26-02-2024,686.3,689.0,706.0,660.6,678.65,685.1,683.33,"57,264","3,91,30,433.95","2,170","34,583",60.39
RUSTOMJEE,EQ,27-02-2024,685.1,678.2,690.0,669.95,678.0,682.95,681.78,"1,30,437","8,89,29,772.95","3,148","1,02,775",78.79
RUSTOMJEE,EQ,28-02-2024,682.95,683.0,685.8,670.0,680.5,676.4,675.32,"42,989","2,90,31,321.20","2,067","29,950",69.67
RUSTOMJEE,EQ,29-02-2024,676.4,673.0,677.05,663.0,664.8,665.8,670.6,"22,788","1,52,81,727.75","2,712","11,513",50.52
RUSTOMJEE,EQ,01-03-2024,665.8,666.0,680.0,662.0,675.0,674.55,668.31,"93,673","6,26,02,765.25","1,590","70,680",75.45
RUSTOMJEE,EQ,02-03-2024,674.55,688.05,688.05,667.95,671.1,676.35,677.19,"1,723","11,66,797.95",95,"1,488",86.36
RUSTOMJEE,EQ,04-03-2024,676.35,676.35,677.0,657.1,657.1,662.95,668.94,"17,979","1,20,26,920.45",857,"10,655",59.26
RUSTOMJEE,EQ,05-03-2024,662.95,666.25,683.7,664.05,678.0,673.35,672.19,"24,292","1,63,28,851.05","1,029","14,375",59.18
RUSTOMJEE,EQ,06-03-2024,673.35,667.0,673.85,637.25,644.45,641.3,650.82,"28,695","1,86,75,380.20","1,744","16,146",56.27
RUSTOMJEE,EQ,07-03-2024,641.3,642.0,675.0,638.1,667.0,668.1,656.36,"24,973","1,63,91,235.75","1,048","14,894",59.64
RUSTOMJEE,EQ,11-03-2024,668.1,674.0,690.0,651.1,665.5,671.15,666.49,"39,109","2,60,65,922.20","4,830","27,600",70.57
RUSTOMJEE,EQ,12-03-2024,671.15,671.15,682.5,635.0,649.0,645.8,656.54,"1,31,681","8,64,54,149.00","2,795","36,975",28.08
RUSTOMJEE,EQ,13-03-2024,645.8,653.95,653.95,590.1,599.0,595.6,620.39,"60,388","3,74,64,397.70","2,415","20,408",33.79
RUSTOMJEE,EQ,14-03-2024,595.6,596.0,613.7,582.1,592.0,594.8,596.73,"50,569","3,01,76,054.75","1,795","13,850",27.39
RUSTOMJEE,EQ,15-03-2024,594.8,593.4,611.6,584.25,607.0,608.9,594.22,"26,257","1,56,02,493.40","1,226","18,776",71.51
RUSTOMJEE,EQ,18-03-2024,608.9,612.8,612.8,588.6,592.2,590.6,593.16,"63,623","3,77,38,638.80",825,"7,994",12.56
RUSTOMJEE,EQ,19-03-2024,590.6,593.65,629.95,593.6,618.9,623.8,613.12,"1,36,690","8,38,07,605.55","2,464","35,796",26.19
RUSTOMJEE,EQ,20-03-2024,623.8,626.0,626.0,603.45,619.0,619.4,619.91,"95,251","5,90,47,335.05","2,426","28,889",30.33
RUSTOMJEE,EQ,21-03-2024,619.4,619.45,627.0,615.0,625.0,624.85,621.34,"1,50,701","9,36,36,220.45","1,998","61,101",40.54
RUSTOMJEE,EQ,22-03-2024,624.85,628.05,642.5,620.0,625.75,622.35,624.93,"1,03,571","6,47,24,219.30","2,172","30,202",29.16
RUSTOMJEE,EQ,26-03-2024,622.35,622.35,631.0,614.65,625.0,625.7,624.3,"96,166","6,00,36,592.00","4,376","29,513",30.69
RUSTOMJEE,EQ,27-03-2024,625.7,626.9,627.9,612.0,617.7,616.45,622.55,"52,497","3,26,82,096.40","1,141","14,847",28.28
RUSTOMJEE,EQ,28-03-2024,616.45,617.0,621.75,601.55,605.0,604.95,613.73,"64,789","3,97,63,075.25","1,091","6,247",9.64
RUSTOMJEE,EQ,01-04-2024,604.95,608.0,649.0,607.75,630.0,638.75,628.08,"69,023","4,33,51,808.15","2,774","22,135",32.07
RUSTOMJEE,EQ,02-04-2024,638.75,638.75,648.0,623.05,633.0,631.0,633.7,"1,21,907","7,72,52,289.30","4,714","43,066",35.33
RUSTOMJEE,EQ,03-04-2024,631.0,631.05,658.0,631.05,654.0,647.55,642.44,"98,002","6,29,60,542.95","4,369","26,714",27.26
RUSTOMJEE,EQ,04-04-2024,647.55,648.0,665.95,644.95,659.0,652.9,652.49,"98,098","6,40,07,516.15","4,589","29,008",29.57
RUSTOMJEE,EQ,05-04-2024,652.9,656.3,680.95,654.3,662.2,671.6,668.91,"48,151","3,22,08,790.60","2,669","21,254",44.14
RUSTOMJEE,EQ,08-04-2024,671.6,682.4,694.9,665.0,670.2,673.4,680.43,"1,03,087","7,01,43,377.15","5,635","49,261",47.79
RUSTOMJEE,EQ,09-04-2024,673.4,683.0,689.0,675.0,679.5,680.0,680.59,"49,389","3,36,13,436.30","2,086","25,905",52.45
RUSTOMJEE,EQ,10-04-2024,680.0,680.0,685.0,669.4,675.9,679.85,675.7,"48,312","3,26,44,269.50","1,677","15,064",31.18
RUSTOMJEE,EQ,12-04-2024,679.85,673.7,683.0,669.6,674.0,672.4,675.0,"33,495","2,26,08,960.45","1,825","10,855",32.41
RUSTOMJEE,EQ,15-04-2024,672.4,651.0,690.0,651.0,669.95,666.55,668.77,"1,41,210","9,44,36,328.05","3,217","1,02,647",72.69
RUSTOMJEE,EQ,16-04-2024,666.55,666.55,702.95,666.0,678.0,678.0,681.83,"1,50,213","10,24,19,685.60","4,161","51,341",34.18
RUSTOMJEE,EQ,18-04-2024,678.0,681.6,727.0,657.3,686.8,687.4,693.23,"1,47,201","10,20,44,256.80","5,600","44,029",29.91
RUSTOMJEE,EQ,19-04-2024,687.4,687.4,687.4,666.0,667.2,673.25,674.21,"69,136","4,66,11,982.40","5,576","27,564",39.87
RUSTOMJEE,EQ,22-04-2024,673.25,671.55,678.0,667.25,668.1,670.9,674.63,"38,079","2,56,89,220.25","1,304","5,023",13.19
RUSTOMJEE,EQ,23-04-2024,670.9,670.9,689.05,669.2,676.0,674.85,680.12,"53,613","3,64,63,528.65","2,238","11,902",22.2
RUSTOMJEE,EQ,24-04-2024,674.85,676.0,698.0,674.0,684.0,683.55,682.67,"62,492","4,26,61,509.70","2,338","17,588",28.14
RUSTOMJEE,EQ,25-04-2024,683.55,688.0,688.0,668.0,670.15,671.75,678.13,"41,014","2,78,12,799.85","1,070","7,892",19.24
RUSTOMJEE,EQ,26-04-2024,671.75,668.0,696.0,668.0,681.55,691.3,685.47,"51,059","3,49,99,276.45","2,104","10,737",21.03
RUSTOMJEE,EQ,29-04-2024,691.3,691.3,700.0,680.05,680.05,683.2,688.03,"81,866","5,63,26,577.90","1,088","31,893",38.96
RUSTOMJEE,EQ,30-04-2024,683.2,694.0,694.0,682.65,683.0,689.95,689.04,"19,988","1,37,72,455.25","2,354","11,908",59.58
RUSTOMJEE,EQ,02-05-2024,689.95,690.0,693.6,675.1,683.4,679.8,680.67,"18,811","1,28,04,050.45","1,240","12,679",67.4
RUSTOMJEE,EQ,03-05-2024,679.8,682.65,724.0,682.65,692.0,696.5,706.2,"2,08,740","14,74,12,824.45","8,018","83,730",40.11
RUSTOMJEE,EQ,06-05-2024,696.5,709.0,709.0,675.1,683.0,686.5,691.52,"55,024","3,80,50,238.55","3,999","31,549",57.34
RUSTOMJEE,EQ,07-05-2024,686.5,689.65,692.55,662.0,663.0,664.85,670.0,"33,174","2,22,26,656.75","2,803","20,947",63.14
RUSTOMJEE,EQ,08-05-2024,664.85,666.0,682.5,656.0,656.0,660.75,667.14,"30,716","2,04,91,952.40","1,362","18,344",59.72
RUSTOMJEE,EQ,09-05-2024,660.75,686.0,686.0,650.15,655.0,658.15,665.0,"15,891","1,05,67,555.70",952,"7,564",47.6
RUSTOMJEE,EQ,10-05-2024,658.15,657.8,680.95,655.0,655.2,664.65,663.23,"26,232","1,73,97,928.30","1,446","17,225",65.66
RUSTOMJEE,EQ,13-05-2024,664.65,668.0,668.85,650.0,656.0,659.45,660.7,"15,213","1,00,51,268.10","1,047","9,357",61.51
RUSTOMJEE,EQ,14-05-2024,659.45,657.6,675.25,655.2,666.5,670.25,668.9,"12,842","85,90,021.30","1,244","6,572",51.18
RUSTOMJEE,EQ,15-05-2024,670.25,673.6,720.0,649.35,687.0,685.0,678.6,"3,35,756","22,78,44,291.90","8,802","77,085",22.96
RUSTOMJEE,EQ,16-05-2024,685.0,670.05,747.9,666.0,714.05,713.05,714.6,"1,86,652","13,33,82,073.90","6,621","85,626",45.87
RUSTOMJEE,EQ,17-05-2024,713.05,719.85,730.35,697.0,718.0,716.65,716.88,"1,57,636","11,30,05,552.90","5,679","66,375",42.11
RUSTOMJEE,EQ,18-05-2024,716.65,715.0,728.0,705.25,717.0,715.6,718.07,"6,986","50,16,413.50",385,"4,457",63.8
RUSTOMJEE,EQ,21-05-2024,715.6,715.6,719.2,704.95,710.0,710.3,711.68,"19,282","1,37,22,529.15",872,"12,878",66.79
RUSTOMJEE,EQ,22-05-2024,710.3,710.3,734.65,710.3,729.0,730.45,724.25,"71,269","5,16,16,282.90","1,809","45,626",64.02
RUSTOMJEE,EQ,23-05-2024,730.45,722.0,748.0,712.45,729.0,732.35,730.46,"2,74,984","20,08,66,043.45","7,289","1,33,297",48.47
RUSTOMJEE,EQ,24-05-2024,732.35,732.4,739.35,685.0,710.0,711.3,703.0,"1,75,468","12,33,53,494.55","6,952","79,273",45.18
RUSTOMJEE,EQ,27-05-2024,711.3,718.0,719.0,705.1,715.0,712.75,713.84,"37,546","2,68,01,923.40","2,050","23,187",61.76
RUSTOMJEE,EQ,28-05-2024,712.75,719.0,723.4,681.2,681.2,688.4,702.39,"61,784","4,33,96,404.80","2,081","39,152",63.37
RUSTOMJEE,EQ,29-05-2024,688.4,682.0,698.95,677.0,690.0,689.25,691.21,"24,930","1,72,31,749.65","1,215","14,643",58.74
RUSTOMJEE,EQ,30-05-2024,689.25,690.0,692.45,668.3,670.0,671.55,680.27,"22,350","1,52,04,109.45",901,"14,959",66.93
RUSTOMJEE,EQ,31-05-2024,671.55,689.0,716.4,672.0,685.0,694.0,694.12,"44,798","3,10,95,337.45","5,977","27,623",61.66
RUSTOMJEE,EQ,03-06-2024,694.0,715.0,715.0,684.7,698.5,693.65,693.09,"54,868","3,80,28,731.25","2,447","37,665",68.65
RUSTOMJEE,EQ,04-06-2024,693.65,699.75,702.95,624.3,640.0,642.15,636.5,"1,64,119","10,44,62,268.15","2,008","90,016",54.85
RUSTOMJEE,EQ,05-06-2024,642.15,645.5,685.85,628.05,684.95,681.35,656.14,"23,132","1,51,77,909.25","1,527","11,117",48.06
RUSTOMJEE,EQ,06-06-2024,681.35,688.1,698.4,683.8,687.0,691.45,691.85,"12,535","86,72,341.35",809,"5,806",46.32
RUSTOMJEE,EQ,07-06-2024,691.45,685.0,709.95,682.35,690.0,705.2,704.02,"1,01,739","7,16,26,640.45","2,421","79,151",77.8
RUSTOMJEE,EQ,10-06-2024,705.2,699.95,705.0,688.05,698.0,694.5,695.46,"14,546","1,01,16,089.90",854,"7,680",52.8
RUSTOMJEE,EQ,11-06-2024,694.5,693.0,703.45,685.55,690.0,690.4,693.24,"7,834","54,30,854.10",824,"4,136",52.8
RUSTOMJEE,EQ,12-06-2024,690.4,690.45,704.5,687.5,704.0,703.55,701.08,"45,055","3,15,86,951.05","2,422","35,428",78.63
RUSTOMJEE,EQ,13-06-2024,703.55,718.0,718.0,696.0,700.0,699.7,703.26,"15,034","1,05,72,839.55","1,257","7,662",50.96
RUSTOMJEE,EQ,14-06-2024,699.7,702.6,710.5,688.6,705.0,700.6,698.69,"50,405","3,52,17,435.80","8,054","37,979",75.35
RUSTOMJEE,EQ,18-06-2024,700.6,700.0,715.4,696.65,705.0,710.65,707.16,"43,015","3,04,18,332.90","1,927","27,111",63.03
RUSTOMJEE,EQ,19-06-2024,710.65,701.0,727.4,701.0,709.0,707.75,711.79,"29,758","2,11,81,518.25","2,430","16,050",53.94
RUSTOMJEE,EQ,20-06-2024,707.75,708.95,712.3,692.0,699.5,699.4,699.83,"37,521","2,62,58,236.05","2,858","29,044",77.41
RUSTOMJEE,EQ,21-06-2024,699.4,699.6,700.0,688.85,694.3,691.35,694.42,"10,685","74,19,927.10",882,"5,918",55.39
RUSTOMJEE,EQ,24-06-2024,691.35,690.0,690.0,670.0,672.35,671.95,678.4,"34,100","2,31,33,427.95","1,856","21,763",63.82
RUSTOMJEE,EQ,25-06-2024,671.95,672.0,684.0,666.0,673.0,671.8,672.87,"25,945","1,74,57,612.40","1,436","16,514",63.65
RUSTOMJEE,EQ,26-06-2024,671.8,675.0,685.05,670.0,685.0,676.9,675.28,"33,086","2,23,42,430.20","1,375","25,385",76.72
RUSTOMJEE,EQ,27-06-2024,676.9,694.9,694.9,659.9,670.0,671.0,673.15,"38,579","2,59,69,601.15","4,531","23,507",60.93
RUSTOMJEE,EQ,28-06-2024,671.0,669.5,675.0,655.6,675.0,673.95,666.25,"85,357","5,68,68,904.20","8,692","56,955",66.73
RUSTOMJEE,EQ,01-07-2024,673.95,678.6,678.6,665.0,671.0,673.55,671.41,"23,203","1,55,78,820.05","1,156","15,043",64.83
RUSTOMJEE,EQ,02-07-2024,673.55,678.0,686.35,660.2,668.0,663.05,668.23,"33,000","2,20,51,643.80","1,936","21,399",64.85
RUSTOMJEE,EQ,03-07-2024,663.05,663.1,673.45,663.1,665.2,666.7,667.02,"8,774","58,52,402.40",747,"6,150",70.09
RUSTOMJEE,EQ,04-07-2024,666.7,666.0,678.35,663.55,667.1,667.85,667.18,"8,596","57,35,110.55",695,"5,044",58.68
RUSTOMJEE,EQ,05-07-2024,667.85,670.0,670.0,665.0,667.5,668.45,667.83,"5,612","37,47,882.25",921,"2,809",50.05
RUSTOMJEE,EQ,08-07-2024,668.45,670.0,693.95,666.6,670.0,670.05,677.33,"81,488","5,51,94,499.20","4,806","56,077",68.82
RUSTOMJEE,EQ,09-07-2024,670.05,674.8,709.0,649.9,684.0,684.2,685.4,"2,24,999","15,42,14,434.50","12,787","87,420",38.85
RUSTOMJEE,EQ,10-07-2024,684.2,689.1,731.95,676.0,720.0,715.3,711.05,"1,63,368","11,61,62,838.20","8,513","91,020",55.71
RUSTOMJEE,EQ,11-07-2024,715.3,720.0,732.0,703.95,717.0,714.45,719.71,"1,42,581","10,26,16,802.10","7,526","52,018",36.48
RUSTOMJEE,EQ,12-07-2024,714.45,718.0,728.5,707.85,712.95,710.45,715.87,"29,428","2,10,66,513.20","2,349","15,442",52.47
RUSTOMJEE,EQ,15-07-2024,710.45,706.0,711.1,697.0,702.0,703.95,704.78,"27,461","1,93,53,945.00","1,874","15,481",56.37
RUSTOMJEE,EQ,16-07-2024,703.95,705.0,734.75,704.25,706.0,708.55,721.83,"1,78,692","12,89,85,889.35","5,446","96,832",54.19
RUSTOMJEE,EQ,18-07-2024,708.55,710.0,725.0,697.0,722.0,711.35,709.53,"57,062","4,04,87,306.85","3,934","34,197",59.93
RUSTOMJEE,EQ,19-07-2024,711.35,722.0,725.0,693.8,719.95,718.95,713.05,"82,187","5,86,03,131.30","7,065","46,048",56.03
RUSTOMJEE,EQ,22-07-2024,718.95,724.0,724.1,701.25,714.0,714.1,717.23,"34,215","2,45,39,919.10","2,530","17,759",51.9
RUSTOMJEE,EQ,23-07-2024,714.1,714.1,723.0,675.55,704.95,702.15,697.92,"1,56,427","10,91,72,941.30","6,639","91,965",58.79
RUSTOMJEE,EQ,24-07-2024,702.15,707.1,736.5,702.8,713.9,711.45,724.75,"1,74,751","12,66,51,238.60","6,147","1,20,477",68.94
RUSTOMJEE,EQ,25-07-2024,711.45,715.0,715.0,693.5,697.9,695.25,699.63,"73,969","5,17,51,001.90","2,709","57,278",77.44
RUSTOMJEE,EQ,26-07-2024,695.25,700.0,708.8,695.0,696.65,698.3,699.77,"42,210","2,95,37,204.45","4,852","24,435",57.89
RUSTOMJEE,EQ,29-07-2024,698.3,704.0,719.4,695.25,699.0,699.65,705.07,"54,551","3,84,62,513.25","5,619","34,653",63.52
RUSTOMJEE,EQ,30-07-2024,699.65,698.0,727.0,697.25,717.45,712.1,718.57,"1,70,095","12,22,24,400.10","6,175","1,04,728",61.57
RUSTOMJEE,EQ,31-07-2024,712.1,720.0,729.0,706.9,728.5,724.95,721.19,"83,611","6,02,99,622.30","4,780","55,643",66.55
RUSTOMJEE,EQ,01-08-2024,724.95,730.0,730.0,706.25,720.0,716.75,717.97,"66,748","4,79,22,876.65","5,330","42,333",63.42
RUSTOMJEE,EQ,02-08-2024,716.75,710.0,719.0,702.05,718.55,718.0,712.69,"25,881","1,84,45,193.80","2,120","12,658",48.91
RUSTOMJEE,EQ,05-08-2024,718.0,695.3,698.35,660.0,683.5,684.75,677.56,"1,96,251","13,29,72,487.40","8,674","73,541",37.47
RUSTOMJEE,EQ,06-08-2024,684.75,696.0,699.0,671.0,672.05,671.95,679.31,"51,586","3,50,42,645.60","3,348","24,600",47.69
RUSTOMJEE,EQ,07-08-2024,671.95,686.85,689.95,660.05,673.0,670.5,668.99,"65,470","4,37,98,465.20","4,292","41,242",62.99
RUSTOMJEE,EQ,08-08-2024,670.5,669.0,685.0,662.0,672.8,668.35,666.13,"4,00,728","26,69,37,406.35","37,329","3,70,907",92.56
RUSTOMJEE,EQ,09-08-2024,668.35,679.0,690.0,670.25,676.4,682.3,678.08,"39,139","2,65,39,346.30","3,393","21,636",55.28
RUSTOMJEE,EQ,12-08-2024,682.3,689.0,729.0,670.0,724.0,721.4,716.78,"1,61,673","11,58,84,316.75","14,068","1,07,884",66.73
RUSTOMJEE,EQ,13-08-2024,721.4,727.0,733.0,714.05,715.0,720.5,726.14,"2,51,959","18,29,57,437.10","9,841","1,76,148",69.91
RUSTOMJEE,EQ,14-08-2024,720.5,717.25,723.35,699.35,719.0,716.45,711.72,"72,229","5,14,07,003.20","6,099","44,921",62.19
RUSTOMJEE,EQ,16-08-2024,716.45,718.0,770.0,712.8,756.0,745.85,747.71,"4,47,803","33,48,27,018.20","15,180","2,63,995",58.95
RUSTOMJEE,EQ,19-08-2024,745.85,759.0,779.9,756.4,760.8,766.95,768.49,"2,86,261","21,99,88,621.45","17,015","1,83,436",64.08
RUSTOMJEE,EQ,20-08-2024,766.95,772.85,776.0,747.7,754.0,754.4,757.86,"90,590","6,86,54,272.25","7,487","50,410",55.65
RUSTOMJEE,EQ,21-08-2024,754.4,754.65,754.65,728.2,735.0,735.35,738.57,"1,01,199","7,47,42,268.55","8,304","55,813",55.15
RUSTOMJEE,EQ,22-08-2024,735.35,740.9,764.8,740.05,763.0,756.85,753.28,"75,835","5,71,25,060.20","4,520","49,250",64.94
RUSTOMJEE,EQ,23-08-2024,756.85,758.95,788.0,758.95,766.9,770.25,776.8,"1,50,135","11,66,24,137.80","8,097","80,824",53.83
RUSTOMJEE,EQ,26-08-2024,770.25,778.5,778.5,743.25,750.65,754.6,755.84,"81,896","6,19,00,110.00","8,045","48,376",59.07
RUSTOMJEE,EQ,27-08-2024,754.6,747.7,767.0,746.0,761.45,762.7,758.82,"94,243","7,15,13,692.90","6,703","40,259",42.72
RUSTOMJEE,EQ,28-08-2024,762.7,762.7,790.35,757.2,771.0,768.2,774.42,"1,22,528","9,48,88,532.95","7,355","59,213",48.33
RUSTOMJEE,EQ,29-08-2024,768.2,775.0,775.7,749.45,754.0,755.0,759.66,"55,198","4,19,31,967.80","3,218","27,465",49.76
RUSTOMJEE,EQ,30-08-2024,755.0,756.0,761.95,723.85,731.0,734.3,736.21,"5,50,350","40,51,72,861.75","12,746","3,97,490",72.22
RUSTOMJEE,EQ,02-09-2024,734.3,729.45,729.8,708.0,717.0,719.4,718.02,"1,10,107","7,90,59,358.95","6,274","56,678",51.48
RUSTOMJEE,EQ,03-09-2024,719.4,717.0,725.55,708.05,713.6,712.55,716.68,"32,747","2,34,69,279.05","3,581","15,083",46.06
RUSTOMJEE,EQ,04-09-2024,712.55,711.0,729.75,710.4,723.7,718.25,722.38,"27,768","2,00,59,054.15","3,195","14,888",53.62
RUSTOMJEE,EQ,05-09-2024,718.25,727.8,728.25,701.0,705.1,708.1,714.21,"66,163","4,72,54,181.05","3,832","35,420",53.53
RUSTOMJEE,EQ,06-09-2024,708.1,705.0,711.45,683.6,693.65,694.0,693.83,"1,17,068","8,12,24,721.00","9,171","75,818",64.76
RUSTOMJEE,EQ,09-09-2024,694.0,697.65,701.25,682.8,692.0,697.2,693.4,"39,554","2,74,26,655.40","3,694","21,947",55.49
RUSTOMJEE,EQ,10-09-2024,697.2,697.2,719.0,697.15,713.0,713.55,710.92,"69,828","4,96,41,988.10","3,481","44,623",63.9
RUSTOMJEE,EQ,11-09-2024,713.55,719.6,719.6,695.15,696.8,698.25,704.15,"20,549","1,44,69,596.90","2,234","9,419",45.84
RUSTOMJEE,EQ,12-09-2024,698.25,698.25,717.85,686.4,696.5,698.05,693.97,"32,278","2,24,00,041.55","2,334","16,892",52.33
RUSTOMJEE,EQ,13-09-2024,698.05,707.0,718.85,700.6,713.4,712.85,711.52,"32,387","2,30,43,969.35","2,878","18,274",56.42
RUSTOMJEE,EQ,16-09-2024,712.85,720.0,720.0,702.0,711.0,710.8,708.64,"19,274","1,36,58,250.45","1,771","10,238",53.12
RUSTOMJEE,EQ,17-09-2024,710.8,702.35,709.95,696.15,702.7,705.45,704.67,"14,085","99,25,289.75","1,440","7,385",52.43
RUSTOMJEE,EQ,18-09-2024,705.45,709.2,713.65,687.6,700.25,703.2,698.73,"40,253","2,81,26,067.95","4,234","20,829",51.75
RUSTOMJEE,EQ,19-09-2024,703.2,703.35,705.95,688.2,694.0,693.35,695.43,"35,156","2,44,48,551.75","4,626","16,836",47.89
RUSTOMJEE,EQ,20-09-2024,693.35,703.6,735.0,694.8,732.0,725.1,716.56,"1,18,438","8,48,67,747.40","7,678","76,502",64.59
RUSTOMJEE,EQ,23-09-2024,725.1,730.9,746.5,727.9,743.0,737.8,738.46,"74,954","5,53,50,775.55","4,238","39,930",53.27
RUSTOMJEE,EQ,24-09-2024,737.8,752.8,772.6,735.0,755.0,763.25,762.63,"1,43,505","10,94,41,443.20","12,981","77,490",54.0
RUSTOMJEE,EQ,25-09-2024,763.25,770.0,770.0,730.25,742.1,750.95,745.4,"52,696","3,92,79,468.40","5,232","23,459",44.52
RUSTOMJEE,EQ,26-09-2024,750.95,747.9,748.05,731.0,740.0,744.8,740.05,"22,012","1,62,90,079.25","2,249","10,894",49.49
RUSTOMJEE,EQ,27-09-2024,744.8,735.35,748.05,731.05,733.15,738.85,738.89,"25,431","1,87,90,619.35","2,888","12,992",51.09
RUSTOMJEE,EQ,30-09-2024,738.85,734.0,742.0,721.2,722.05,725.05,727.25,"23,329","1,69,66,122.50","1,663","16,551",70.95
RUSTOMJEE,EQ,01-10-2024,725.05,724.0,732.05,716.3,722.0,722.35,723.67,"25,875","1,87,25,035.55","1,361","18,181",70.26
RUSTOMJEE,EQ,03-10-2024,722.35,714.85,720.0,697.1,700.9,700.9,705.5,"26,926","1,89,96,290.45","1,381","18,306",67.99
RUSTOMJEE,EQ,04-10-2024,700.9,702.4,704.75,683.25,704.75,698.6,696.69,"40,812","2,84,33,255.15","2,874","25,023",61.31
RUSTOMJEE,EQ,07-10-2024,698.6,698.6,703.7,675.0,681.0,693.95,688.47,"51,993","3,57,95,479.85","2,433","31,733",61.03
RUSTOMJEE,EQ,08-10-2024,693.95,678.0,717.0,678.0,700.0,705.25,699.5,"1,43,349","10,02,72,136.95","10,732","37,075",25.86
RUSTOMJEE,EQ,09-10-2024,705.25,705.25,719.0,698.0,698.0,706.85,708.61,"36,566","2,59,10,947.70","2,916","19,413",53.09
RUSTOMJEE,EQ,10-10-2024,706.85,706.65,730.0,701.0,703.35,709.3,717.78,"42,097","3,02,16,185.75","2,927","14,461",34.35
RUSTOMJEE,EQ,11-10-2024,709.3,718.8,718.8,703.0,706.0,708.5,708.92,"14,127","1,00,14,891.95","1,414","7,079",50.11
RUSTOMJEE,EQ,14-10-2024,708.5,712.15,719.0,703.0,713.9,711.35,708.65,"13,278","94,09,445.40","1,207","7,150",53.85
RUSTOMJEE,EQ,15-10-2024,711.35,705.0,714.9,704.5,714.0,710.25,709.09,"8,325","59,03,136.95","1,071","4,009",48.16
RUSTOMJEE,EQ,16-10-2024,710.25,704.0,723.25,704.0,723.25,718.3,715.15,"9,934","71,04,254.20","1,418","5,831",58.7
RUSTOMJEE,EQ,17-10-2024,718.3,723.2,725.2,707.95,720.0,715.65,716.25,"32,288","2,31,26,143.65","5,817","18,074",55.98
RUSTOMJEE,EQ,18-10-2024,715.65,713.4,738.0,701.05,736.25,729.65,726.12,"40,372","2,93,14,951.35","3,930","17,700",43.84
RUSTOMJEE,EQ,21-10-2024,729.65,739.0,754.4,708.35,711.25,712.75,736.08,"78,206","5,75,65,695.75","4,650","36,135",46.2
RUSTOMJEE,EQ,22-10-2024,712.75,712.75,713.1,686.0,686.0,691.75,696.65,"33,223","2,31,44,804.05","2,986","17,733",53.38
RUSTOMJEE,EQ,23-10-2024,691.75,680.05,693.75,667.25,682.95,686.15,683.22,"38,418","2,62,48,024.80","3,812","14,534",37.83
RUSTOMJEE,EQ,24-10-2024,686.15,690.0,690.0,676.0,682.6,684.75,681.48,"16,961","1,15,58,592.20","1,434","8,209",48.4
RUSTOMJEE,EQ,25-10-2024,684.75,697.8,697.8,661.0,689.45,683.1,675.42,"30,520","2,06,13,783.40","3,612","15,962",52.3
RUSTOMJEE,EQ,28-10-2024,683.1,688.0,707.25,666.55,690.05,690.65,683.98,"32,440","2,21,88,444.70","3,851","13,499",41.61
RUSTOMJEE,EQ,29-10-2024,690.65,695.75,712.4,681.3,710.85,705.8,695.82,"15,388","1,07,07,340.85","1,586","7,514",48.83
RUSTOMJEE,EQ,30-10-2024,705.8,709.65,718.0,699.3,713.05,716.25,712.07,"12,962","92,29,814.95","1,857","6,614",51.03
RUSTOMJEE,EQ,31-10-2024,716.25,717.6,734.0,712.65,719.0,720.45,722.56,"27,610","1,99,49,929.85","2,329","18,819",68.16
RUSTOMJEE,EQ,01-11-2024,720.45,729.9,735.95,720.0,725.1,725.45,726.26,"3,869","28,09,911.15",191,"2,546",65.81
RUSTOMJEE,EQ,04-11-2024,725.45,725.45,733.45,705.75,721.7,724.75,717.21,"33,236","2,38,37,281.25","6,203","19,584",58.92
RUSTOMJEE,EQ,05-11-2024,724.75,723.0,724.9,706.65,710.0,711.9,716.08,"9,673","69,26,598.90","1,280","4,491",46.43
RUSTOMJEE,EQ,06-11-2024,711.9,713.9,748.3,713.9,739.0,736.7,738.66,"73,535","5,43,17,614.95","3,072","45,593",62.0
RUSTOMJEE,EQ,07-11-2024,736.7,733.85,752.0,732.8,739.9,737.85,743.44,"33,193","2,46,76,942.55","4,513","18,831",56.73
RUSTOMJEE,EQ,08-11-2024,737.85,730.0,744.75,720.0,729.9,728.25,731.91,"18,304","1,33,96,906.45","2,100","9,873",53.94
RUSTOMJEE,EQ,11-11-2024,728.25,728.25,801.05,712.35,729.7,732.2,765.35,"2,45,742","18,80,79,181.85","6,732","48,475",19.73
RUSTOMJEE,EQ,12-11-2024,732.2,729.4,738.3,712.05,722.5,726.2,727.13,"36,067","2,62,25,256.50","3,214","13,437",37.26
RUSTOMJEE,EQ,13-11-2024,726.2,725.95,735.75,701.1,735.0,717.7,715.04,"60,502","4,32,61,338.35","8,852","24,086",39.81
RUSTOMJEE,EQ,14-11-2024,717.7,719.8,731.7,713.05,725.0,724.75,722.84,"24,138","1,74,47,856.85","2,973","10,909",45.19
RUSTOMJEE,EQ,18-11-2024,724.75,726.85,726.85,702.85,705.05,707.5,712.81,"39,106","2,78,75,033.70","2,365","28,800",73.65
RUSTOMJEE,EQ,19-11-2024,707.5,703.0,718.5,703.0,713.8,708.1,711.94,"14,624","1,04,11,406.75","2,022","6,496",44.42
RUSTOMJEE,EQ,21-11-2024,708.1,709.0,717.0,698.4,712.0,711.2,708.42,"29,886","2,11,71,693.90","4,090","16,224",54.29
RUSTOMJEE,EQ,22-11-2024,711.2,719.0,726.9,704.3,726.9,715.25,714.75,"37,349","2,66,95,271.55","7,296","19,701",52.75
RUSTOMJEE,EQ,25-11-2024,715.25,744.0,747.0,722.5,727.0,732.0,735.13,"69,233","5,08,95,331.20","7,025","43,662",63.07
RUSTOMJEE,EQ,26-11-2024,732.0,739.0,739.0,715.3,717.1,716.9,723.9,"17,304","1,25,26,415.40","1,752","9,050",52.3
RUSTOMJEE,EQ,27-11-2024,716.9,713.0,738.3,713.0,721.95,719.45,726.76,"50,919","3,70,05,757.30","2,347","25,497",50.07
RUSTOMJEE,EQ,28-11-2024,719.45,729.95,729.95,715.0,721.4,720.15,721.64,"19,167","1,38,31,590.55","2,287","9,505",49.59
RUSTOMJEE,EQ,29-11-2024,720.15,727.8,729.8,702.85,710.95,710.0,712.67,"42,542","3,03,18,472.00","3,459","27,499",64.64
RUSTOMJEE,EQ,02-12-2024,710.0,718.0,720.0,694.0,699.05,700.0,702.94,"44,008","3,09,34,939.45","3,775","27,760",63.08
RUSTOMJEE,EQ,03-12-2024,700.0,708.35,728.0,700.9,715.0,714.75,715.87,"46,028","3,29,49,887.90","3,897","24,733",53.73
RUSTOMJEE,EQ,04-12-2024,714.75,724.85,724.85,704.0,709.0,710.05,710.78,"37,120","2,63,84,199.70","3,481","23,399",63.04
RUSTOMJEE,EQ,05-12-2024,710.05,714.95,717.95,702.15,705.0,705.0,707.74,"23,704","1,67,76,180.65","2,189","15,674",66.12
RUSTOMJEE,EQ,06-12-2024,705.0,711.0,713.05,701.05,704.0,704.25,704.79,"40,089","2,82,54,133.45","1,789","29,540",73.69
RUSTOMJEE,EQ,09-12-2024,704.25,705.35,713.25,701.0,703.0,703.65,705.84,"15,626","1,10,29,518.30","1,277","7,180",45.95
RUSTOMJEE,EQ,10-12-2024,703.65,709.9,710.0,694.95,698.0,697.7,703.34,"35,469","2,49,46,748.35","1,463","18,942",53.4
RUSTOMJEE,EQ,11-12-2024,697.7,705.0,705.0,690.05,697.0,695.25,695.32,"31,323","2,17,79,500.65","1,642","9,588",30.61
RUSTOMJEE,EQ,12-12-2024,695.25,700.0,700.0,682.2,683.65,684.9,688.61,"25,639","1,76,55,322.30","1,751","12,063",47.05
RUSTOMJEE,EQ,13-12-2024,684.9,680.1,698.7,674.5,697.0,693.5,684.02,"28,574","1,95,45,275.30","2,667","13,535",47.37
RUSTOMJEE,EQ,16-12-2024,693.5,702.0,702.0,685.0,688.0,690.95,691.59,"21,609","1,49,44,617.95","1,333","9,172",42.45
RUSTOMJEE,EQ,17-12-2024,690.95,687.0,693.0,683.2,685.5,687.95,689.01,"22,413","1,54,42,704.15","1,344","9,011",40.2
RUSTOMJEE,EQ,18-12-2024,687.95,693.95,697.95,683.2,696.0,689.5,688.75,"35,429","2,44,01,802.55","1,565","19,123",53.98
RUSTOMJEE,EQ,19-12-2024,689.5,683.5,695.0,672.55,690.1,692.95,687.42,"39,422","2,70,99,518.00","3,626","19,058",48.34
RUSTOMJEE,EQ,20-12-2024,692.95,694.15,696.45,676.35,682.9,685.75,688.73,"38,140","2,62,68,210.10","2,561","22,719",59.57
RUSTOMJEE,EQ,23-12-2024,685.75,689.35,695.0,675.0,677.0,682.8,684.76,"29,636","2,02,93,681.80","4,278","16,304",55.01
RUSTOMJEE,EQ,24-12-2024,682.8,676.6,683.5,665.0,665.7,667.25,672.35,"19,928","1,33,98,624.85","1,289","11,624",58.33
RUSTOMJEE,EQ,26-12-2024,667.25,667.0,678.5,656.3,657.3,660.45,661.74,"23,923","1,58,30,777.15","1,834","15,082",63.04
RUSTOMJEE,EQ,27-12-2024,660.45,663.9,672.0,660.3,664.0,664.95,666.19,"18,936","1,26,15,050.85","1,144","11,194",59.11
RUSTOMJEE,EQ,30-12-2024,664.95,668.4,674.95,660.0,666.05,670.9,666.57,"15,186","1,01,22,559.05","1,600","7,907",52.07
RUSTOMJEE,EQ,31-12-2024,670.9,665.0,679.25,665.0,670.25,674.45,674.17,"45,124","3,04,21,106.30","3,992","32,908",72.93
RUSTOMJEE,EQ,01-01-2025,674.45,684.85,690.3,670.35,679.8,680.5,683.14,"19,914","1,36,04,136.20","1,160","10,051",50.47
RUSTOMJEE,EQ,02-01-2025,680.5,680.0,689.8,672.55,684.0,683.0,680.23,"14,611","99,38,852.65","1,532","6,343",43.41
RUSTOMJEE,EQ,03-01-2025,683.0,687.95,687.95,670.5,671.2,672.4,676.62,"21,086","1,42,67,115.85","2,129","12,400",58.81
RUSTOMJEE,EQ,06-01-2025,672.4,675.9,675.9,640.5,648.0,645.6,655.39,"31,258","2,04,86,185.85","2,636","17,311",55.38
RUSTOMJEE,EQ,07-01-2025,645.6,645.0,668.95,641.25,663.3,658.15,651.41,"13,805","89,92,681.90","2,822","6,228",45.11
RUSTOMJEE,EQ,08-01-2025,658.15,652.2,684.0,645.55,670.1,670.65,658.8,"27,687","1,82,40,318.60","3,775","15,679",56.63
RUSTOMJEE,EQ,09-01-2025,670.65,665.15,689.95,661.95,665.1,667.95,672.7,"37,931","2,55,16,254.30","2,682","7,493",19.75
RUSTOMJEE,EQ,10-01-2025,667.95,667.95,681.5,635.55,670.0,663.55,656.81,"36,921","2,42,49,928.50","1,945","23,417",63.42
RUSTOMJEE,EQ,13-01-2025,663.55,650.25,668.5,634.0,644.95,644.45,644.75,"37,740","2,43,32,945.20","3,232","22,114",58.6
RUSTOMJEE,EQ,14-01-2025,644.45,642.9,647.6,619.15,630.35,629.9,630.38,"81,579","5,14,25,500.10","7,031","55,414",67.93
RUSTOMJEE,EQ,15-01-2025,629.9,642.6,642.6,622.9,626.6,627.45,629.08,"11,293","71,04,174.70","1,456","5,289",46.83
RUSTOMJEE,EQ,16-01-2025,627.45,623.0,639.45,623.0,630.0,631.6,632.2,"15,296","96,70,179.60","1,409","8,310",54.33
RUSTOMJEE,EQ,17-01-2025,631.6,630.6,634.8,620.0,624.3,624.85,625.99,"9,688","60,64,627.30","1,140","5,817",60.04
RUSTOMJEE,EQ,20-01-2025,624.85,618.15,628.2,617.5,618.35,618.7,620.64,"46,908","2,91,12,750.10","1,992","30,897",65.87
RUSTOMJEE,EQ,21-01-2025,618.7,618.7,639.95,617.25,632.05,632.1,626.87,"22,923","1,43,69,804.05","4,868","14,773",64.45
RUSTOMJEE,EQ,22-01-2025,632.1,626.4,634.8,606.0,630.0,624.6,615.95,"23,203","1,42,91,919.25","5,806","12,055",51.95
RUSTOMJEE,EQ,23-01-2025,624.6,627.9,627.9,602.15,606.4,607.85,611.06,"29,329","1,79,21,740.00","3,119","17,581",59.94
RUSTOMJEE,EQ,24-01-2025,607.85,611.0,611.0,587.6,607.35,598.85,599.53,"31,270","1,87,47,280.25","2,901","20,668",66.1
RUSTOMJEE,EQ,27-01-2025,598.85,598.85,598.85,568.95,573.0,574.95,576.27,"22,251","1,28,22,514.30","2,128","11,714",52.64
RUSTOMJEE,EQ,28-01-2025,574.95,578.0,589.85,561.05,580.0,578.05,575.28,"12,958","74,54,539.70","1,841","4,950",38.2
RUSTOMJEE,EQ,29-01-2025,578.05,578.0,592.05,578.0,589.0,582.55,584.57,"8,590","50,21,418.40","1,394","3,357",39.08
RUSTOMJEE,EQ,30-01-2025,582.55,585.6,620.65,583.35,588.0,587.9,590.21,"22,215","1,31,11,467.30","4,546","13,087",58.91
RUSTOMJEE,EQ,31-01-2025,587.9,591.0,591.0,577.1,579.05,580.7,581.81,"18,783","1,09,28,123.20","4,510","11,123",59.22
RUSTOMJEE,EQ,01-02-2025,580.7,595.15,614.0,585.5,595.0,603.35,598.34,"9,925","59,38,480.45","1,499","3,670",36.98
RUSTOMJEE,EQ,03-02-2025,603.35,605.15,613.7,582.05,590.0,596.55,601.17,"32,492","1,95,33,107.65","4,253","18,203",56.02
RUSTOMJEE,EQ,04-02-2025,596.55,598.8,649.4,595.05,627.15,622.85,609.69,"38,415","2,34,21,257.55","7,860","24,888",64.79
RUSTOMJEE,EQ,05-02-2025,622.85,632.2,638.55,605.55,613.0,609.25,612.66,"24,877","1,52,41,071.60","2,253","13,183",52.99
RUSTOMJEE,EQ,06-02-2025,609.25,612.6,617.85,605.0,612.5,615.6,609.97,"19,287","1,17,64,433.80","3,500","12,502",64.82
RUSTOMJEE,EQ,07-02-2025,615.6,617.0,617.0,597.05,600.0,603.15,603.4,"15,342","92,57,298.45","2,011","7,259",47.31
RUSTOMJEE,EQ,10-02-2025,603.15,607.8,607.8,580.0,580.0,583.4,588.44,"10,024","58,98,510.50","1,647","4,761",47.5
RUSTOMJEE,EQ,11-02-2025,583.4,583.0,586.75,530.0,535.0,545.9,545.78,"1,39,451","7,61,09,041.00","11,958","64,139",45.99
RUSTOMJEE,EQ,12-02-2025,545.9,540.05,540.05,507.0,518.0,518.4,518.41,"76,688","3,97,55,666.50","6,511","44,934",58.59
RUSTOMJEE,EQ,13-02-2025,518.4,518.95,533.05,503.55,515.0,515.05,515.13,"67,308","3,46,72,222.45","6,917","43,146",64.1
RUSTOMJEE,EQ,14-02-2025,515.05,514.0,541.9,501.75,520.8,521.45,514.92,"53,714","2,76,58,422.85","3,646","30,614",56.99
RUSTOMJEE,EQ,17-02-2025,521.45,506.0,518.85,496.45,506.25,509.5,509.43,"62,453","3,18,15,152.80","8,465","28,646",45.87
RUSTOMJEE,EQ,18-02-2025,509.5,506.0,520.0,495.1,495.1,499.55,503.14,"74,981","3,77,26,246.05","3,781","39,954",53.29
RUSTOMJEE,EQ,19-02-2025,499.55,492.4,514.75,492.4,500.0,503.3,504.1,"50,470","2,54,41,823.65","6,684","35,101",69.55
RUSTOMJEE,EQ,20-02-2025,503.3,517.0,517.0,495.05,495.1,502.35,504.64,"35,731","1,80,31,372.45","6,222","21,181",59.28
RUSTOMJEE,EQ,21-02-2025,502.35,508.0,531.0,495.0,520.0,522.25,509.07,"53,792","2,73,84,059.50","16,707","32,122",59.72
RUSTOMJEE,EQ,24-02-2025,522.25,522.25,528.4,501.55,513.9,521.7,517.35,"34,904","1,80,57,719.25","6,057","14,969",42.89
RUSTOMJEE,EQ,25-02-2025,521.7,523.45,523.65,505.0,505.7,509.0,510.31,"29,706","1,51,59,269.45","2,271","20,422",68.75
RUSTOMJEE,EQ,27-02-2025,509.0,506.1,520.0,498.75,509.8,508.0,504.95,"15,543","78,48,441.45","2,415","9,180",59.06
RUSTOMJEE,EQ,28-02-2025,508.0,515.0,529.95,492.3,523.0,518.15,508.98,"27,781","1,41,39,838.35","3,370","15,392",55.4
RUSTOMJEE,EQ,03-03-2025,518.15,529.7,529.7,495.0,518.15,522.4,507.84,"1,33,370","6,77,30,736.70","11,959","70,351",52.75
RUSTOMJEE,EQ,04-03-2025,522.4,520.45,524.45,512.05,518.15,518.3,517.66,"14,267","73,85,411.20","2,900","5,048",35.38
RUSTOMJEE,EQ,05-03-2025,518.3,520.6,531.0,515.65,531.0,527.2,522.54,"22,956","1,19,95,471.00","2,632","13,930",60.68
RUSTOMJEE,EQ,06-03-2025,527.2,528.75,546.3,526.9,540.0,539.5,539.01,"90,557","4,88,11,001.85","4,955","66,278",73.19
RUSTOMJEE,EQ,07-03-2025,539.5,540.75,546.45,535.55,541.9,539.95,540.17,"65,982","3,56,41,308.70","3,291","51,724",78.39
RUSTOMJEE,EQ,10-03-2025,539.95,549.85,549.85,510.25,531.0,527.5,531.26,"82,203","4,36,71,064.35","2,706","67,941",82.65
RUSTOMJEE,EQ,11-03-2025,527.5,527.5,530.0,510.55,528.0,527.65,523.13,"38,414","2,00,95,683.95","6,141","23,132",60.22
RUSTOMJEE,EQ,12-03-2025,527.65,538.2,538.2,511.85,516.5,519.0,521.41,"23,987","1,25,07,022.95","1,009","17,259",71.95
RUSTOMJEE,EQ,13-03-2025,519.0,512.05,538.4,507.55,528.95,520.65,522.19,"44,109","2,30,33,111.40","3,811","21,190",48.04
RUSTOMJEE,EQ,17-03-2025,520.65,528.45,540.9,516.45,521.55,521.15,529.7,"31,965","1,69,31,852.40","3,331","15,478",48.42
RUSTOMJEE,EQ,18-03-2025,521.15,527.25,536.0,518.0,534.75,532.15,528.47,"44,152","2,33,33,069.95","3,942","22,672",51.35
RUSTOMJEE,EQ,19-03-2025,532.15,530.0,549.8,530.0,539.85,534.7,540.13,"28,604","1,54,49,940.35","2,527","16,765",58.61
RUSTOMJEE,EQ,20-03-2025,534.7,535.0,559.75,535.0,542.55,544.6,551.69,"32,464","1,79,10,216.75","2,809","17,705",54.54
RUSTOMJEE,EQ,21-03-2025,544.6,549.5,554.05,542.1,542.35,548.65,548.15,"23,849","1,30,72,899.20","1,449","11,867",49.76
RUSTOMJEE,EQ,24-03-2025,548.65,550.0,557.55,538.95,553.5,551.85,546.4,"42,947","2,34,66,231.75","3,507","24,131",56.19
RUSTOMJEE,EQ,25-03-2025,551.85,559.5,559.5,547.4,556.5,553.15,553.67,"34,379","1,90,34,527.35","4,732","20,916",60.84
RUSTOMJEE,EQ,26-03-2025,553.15,559.0,559.0,532.0,540.0,536.95,543.17,"38,029","2,06,56,251.90","2,532","25,293",66.51
RUSTOMJEE,EQ,27-03-2025,536.95,544.0,544.0,529.0,531.6,532.25,532.65,"19,690","1,04,87,869.10","1,486","10,679",54.24
RUSTOMJEE,EQ,28-03-2025,532.25,526.0,538.95,526.0,530.0,531.85,531.56,"16,945","90,07,327.90","1,178","10,963",64.7
RUSTOMJEE,EQ,01-04-2025,531.85,540.0,540.0,530.05,534.55,535.8,535.32,"17,953","96,10,531.15","1,372","10,607",59.08
RUSTOMJEE,EQ,02-04-2025,535.8,533.0,533.05,506.7,510.2,509.45,518.03,"39,930","2,06,84,871.45","2,031","24,537",61.45
RUSTOMJEE,EQ,03-04-2025,509.45,509.3,523.4,505.0,515.0,515.85,515.17,"25,493","1,31,33,238.45","2,019","11,730",46.01
RUSTOMJEE,EQ,04-04-2025,515.85,523.8,530.0,502.0,530.0,525.6,516.82,"26,370","1,36,28,568.70","2,393","14,666",55.62
RUSTOMJEE,EQ,07-04-2025,525.6,505.0,540.0,500.0,511.0,512.6,519.32,"46,397","2,40,94,866.05","4,720","10,357",22.32
RUSTOMJEE,EQ,08-04-2025,512.6,513.0,538.8,507.65,531.0,534.4,528.68,"77,160","4,07,93,325.60","4,010","10,054",13.03
RUSTOMJEE,EQ,09-04-2025,534.4,539.5,539.5,523.2,524.75,526.0,526.42,"6,975","36,71,767.70",737,"2,502",35.87
RUSTOMJEE,EQ,11-04-2025,526.0,539.9,539.9,516.15,524.0,524.3,528.19,"50,339","2,65,88,646.60","5,621","31,324",62.23
RUSTOMJEE,EQ,15-04-2025,524.3,529.0,543.85,521.2,525.0,526.35,531.46,"17,273","91,79,912.80","2,093","8,283",47.95
RUSTOMJEE,EQ,16-04-2025,526.35,536.0,536.1,521.05,536.1,534.1,528.68,"20,515","1,08,45,889.10","1,208","8,985",43.8
RUSTOMJEE,EQ,17-04-2025,534.1,535.45,536.1,524.2,524.8,524.95,528.87,"21,814","1,15,36,674.30","1,265","15,349",70.36
RUSTOMJEE,EQ,21-04-2025,524.95,537.0,537.0,520.1,526.5,526.95,526.17,"18,622","97,98,385.70","1,614","8,457",45.41
RUSTOMJEE,EQ,22-04-2025,526.95,526.0,534.0,524.3,532.95,532.5,529.81,"18,004","95,38,695.65","1,052","10,620",58.99
RUSTOMJEE,EQ,23-04-2025,532.5,532.5,537.2,516.55,525.1,525.1,525.26,"1,29,499","6,80,20,712.40","10,689","1,04,538",80.72
RUSTOMJEE,EQ,24-04-2025,525.1,533.0,539.8,520.2,529.0,532.5,533.2,"21,964","1,17,11,264.95","3,086","10,548",48.02
RUSTOMJEE,EQ,25-04-2025,532.5,534.15,536.6,520.0,525.8,525.2,527.45,"25,626","1,35,16,471.95","3,477","11,297",44.08
RUSTOMJEE,EQ,28-04-2025,525.2,525.2,534.0,520.1,531.0,528.45,529.24,"13,738","72,70,653.05","2,360","6,989",50.87
RUSTOMJEE,EQ,29-04-2025,528.45,532.55,536.55,512.2,524.45,523.9,522.33,"19,814","1,03,49,383.75","2,493","11,225",56.65
RUSTOMJEE,EQ,30-04-2025,523.9,527.0,531.9,512.2,519.0,525.4,524.86,"31,590","1,65,80,182.60","5,408","18,691",59.17
RUSTOMJEE,EQ,02-05-2025,525.4,528.7,530.45,510.5,515.15,517.75,521.73,"10,155","52,98,178.10","2,159","3,711",36.54
RUSTOMJEE,EQ,05-05-2025,517.75,517.75,522.55,502.6,502.65,510.5,512.43,"18,471","94,65,153.45","1,436","12,044",65.2
RUSTOMJEE,EQ,06-05-2025,510.5,517.95,517.95,500.05,500.05,505.55,505.25,"12,107","61,17,099.45","1,597","5,967",49.29
RUSTOMJEE,EQ,07-05-2025,505.55,498.5,505.8,489.0,497.0,495.4,496.03,"26,153","1,29,72,624.50","1,950","12,022",45.97
RUSTOMJEE,EQ,08-05-2025,495.4,491.85,510.05,491.85,497.0,500.55,500.74,"15,775","78,99,130.95","1,230","7,587",48.1
RUSTOMJEE,EQ,09-05-2025,500.55,480.05,506.0,480.05,497.9,496.15,491.62,"8,394","41,26,640.95","1,340","3,016",35.93
RUSTOMJEE,EQ,12-05-2025,496.15,517.0,517.0,501.2,514.95,511.95,510.97,"31,187","1,59,35,611.80","1,453","14,063",45.09
RUSTOMJEE,EQ,13-05-2025,511.95,519.8,533.5,509.15,512.0,515.05,520.14,"2,31,525","12,04,24,557.50","2,744","2,11,678",91.43
RUSTOMJEE,EQ,14-05-2025,515.05,520.0,559.0,515.0,522.05,524.5,534.92,"1,83,661","9,82,43,433.40","6,123","55,285",30.1
RUSTOMJEE,EQ,15-05-2025,524.5,530.0,534.9,516.2,521.45,518.2,522.45,"40,450","2,11,32,905.85","3,279","19,331",47.79
RUSTOMJEE,EQ,16-05-2025,518.2,523.0,527.0,513.4,517.1,518.75,521.38,"31,185","1,62,59,148.80","2,141","15,318",49.12
RUSTOMJEE,EQ,19-05-2025,518.75,527.5,531.0,514.0,515.0,518.4,519.61,"2,23,137","11,59,44,941.65","4,486","1,95,975",87.83
RUSTOMJEE,EQ,20-05-2025,518.4,522.0,528.0,515.6,525.05,524.6,524.8,"56,878","2,98,49,396.50","1,717","40,738",71.62
RUSTOMJEE,EQ,21-05-2025,524.6,524.6,524.8,516.55,519.0,519.2,520.51,"28,629","1,49,01,639.00","1,263","16,012",55.93
RUSTOMJEE,EQ,22-05-2025,519.2,524.95,524.95,509.0,510.1,511.7,512.97,"16,755","85,94,862.80","1,350","7,866",46.95
RUSTOMJEE,EQ,23-05-2025,511.7,518.0,518.0,509.0,513.0,513.0,512.76,"15,398","78,95,528.15",944,"7,402",48.07
RUSTOMJEE,EQ,26-05-2025,513.0,519.9,525.95,511.55,520.0,520.15,518.1,"35,993","1,86,47,935.35","1,614","22,513",62.55
RUSTOMJEE,EQ,27-05-2025,520.15,520.15,533.0,513.0,532.5,529.25,524.91,"26,485","1,39,02,272.90","4,269","18,222",68.8
RUSTOMJEE,EQ,28-05-2025,529.25,531.8,538.0,520.05,523.0,523.0,528.2,"39,218","2,07,14,773.00","3,568","19,309",49.24
RUSTOMJEE,EQ,29-05-2025,523.0,531.85,531.85,519.0,521.25,522.5,522.47,"12,916","67,48,236.15",886,"7,853",60.8
RUSTOMJEE,EQ,30-05-2025,522.5,527.9,554.0,515.5,535.0,541.65,538.31,"92,898","5,00,07,891.20","6,150","62,339",67.1
RUSTOMJEE,EQ,02-06-2025,541.65,542.9,542.9,526.15,536.0,533.25,531.43,"10,018","53,23,835.70","1,104","5,621",56.11
RUSTOMJEE,EQ,03-06-2025,533.25,539.2,540.0,527.0,528.0,529.15,532.4,"37,594","2,00,15,130.05","2,297","22,585",60.08
RUSTOMJEE,EQ,04-06-2025,529.15,532.1,537.05,523.6,530.0,528.1,527.93,"56,683","2,99,24,607.45","2,576","40,983",72.3
RUSTOMJEE,EQ,05-06-2025,528.1,529.55,529.9,522.65,526.75,525.5,525.36,"22,931","1,20,46,980.50","1,680","15,082",65.77
RUSTOMJEE,EQ,06-06-2025,525.5,534.75,550.85,524.4,543.5,547.05,540.83,"83,323","4,50,63,894.45","3,594","44,245",53.1
RUSTOMJEE,EQ,09-06-2025,547.05,551.75,559.9,539.6,545.8,545.0,550.69,"63,963","3,52,23,625.40","3,665","30,497",47.68
RUSTOMJEE,EQ,10-06-2025,545.0,550.0,554.65,543.45,544.1,545.8,546.82,"78,760","4,30,67,273.90","5,218","50,112",63.63
RUSTOMJEE,EQ,11-06-2025,545.8,550.9,574.9,547.6,566.5,567.9,564.75,"1,83,694","10,37,40,469.10","10,709","1,10,182",59.98
RUSTOMJEE,EQ,12-06-2025,567.9,580.0,580.0,554.8,559.85,558.35,564.23,"40,878","2,30,64,437.95","2,977","22,078",54.01
RUSTOMJEE,EQ,13-06-2025,558.35,551.5,564.5,547.25,562.0,559.45,557.33,"39,589","2,20,64,130.75","2,589","19,927",50.33
RUSTOMJEE,EQ,16-06-2025,559.45,563.5,563.5,545.5,548.0,548.95,550.06,"19,304","1,06,18,338.95","1,402","10,219",52.94
RUSTOMJEE,EQ,17-06-2025,548.95,548.95,568.25,543.35,548.7,552.85,554.25,"42,627","2,36,26,077.30","2,625","21,519",50.48
RUSTOMJEE,EQ,18-06-2025,552.85,560.0,560.0,541.0,554.95,549.15,551.2,"20,815","1,14,73,256.35","1,621","7,352",35.32
RUSTOMJEE,EQ,19-06-2025,549.15,549.15,555.2,530.1,535.0,535.45,541.41,"16,580","89,76,523.40","1,457","7,927",47.81
RUSTOMJEE,EQ,20-06-2025,535.45,534.0,551.0,531.3,543.0,547.7,546.02,"34,449","1,88,09,674.55","6,598","21,002",60.97
RUSTOMJEE,EQ,23-06-2025,547.7,548.2,565.5,542.85,559.5,560.45,558.48,"48,855","2,72,84,359.05","3,684","24,122",49.37
RUSTOMJEE,EQ,24-06-2025,560.45,560.45,570.05,555.5,561.0,566.75,562.79,"25,025","1,40,83,882.80","3,002","17,709",70.77
RUSTOMJEE,EQ,25-06-2025,566.75,566.75,574.6,560.55,571.85,570.9,569.84,"40,593","2,31,31,605.60","3,128","27,211",67.03
RUSTOMJEE,EQ,26-06-2025,570.9,570.85,576.7,563.8,572.5,571.35,569.56,"35,942","2,04,70,957.00","2,070","16,511",45.94
RUSTOMJEE,EQ,27-06-2025,571.35,575.0,599.0,568.4,584.0,593.35,587.6,"87,134","5,12,00,294.80","5,165","45,059",51.71
RUSTOMJEE,EQ,30-06-2025,593.35,595.0,619.0,584.6,615.0,612.45,602.96,"89,711","5,40,92,454.60","3,019","57,063",63.61
RUSTOMJEE,EQ,01-07-2025,612.45,612.4,667.55,610.05,632.1,633.95,643.77,"2,36,170","15,20,39,306.35","11,487","69,822",29.56
RUSTOMJEE,EQ,02-07-2025,633.95,656.25,697.0,644.35,652.0,649.25,661.41,"3,85,477","25,49,56,453.65","15,764","1,29,835",33.68
RUSTOMJEE,EQ,03-07-2025,649.25,650.0,655.05,632.15,638.9,637.2,643.76,"34,640","2,23,00,004.25","3,303","13,704",39.56
RUSTOMJEE,EQ,04-07-2025,637.2,630.0,644.4,616.05,637.0,636.7,628.92,"73,107","4,59,78,119.70","4,242","30,663",41.94
RUSTOMJEE,EQ,07-07-2025,636.7,654.0,675.4,635.2,639.4,642.4,653.5,"2,50,690","16,38,26,739.25","13,818","49,228",19.64
RUSTOMJEE,EQ,08-07-2025,642.4,645.0,653.65,636.3,648.0,649.1,647.44,"28,210","1,82,64,229.20","1,984","10,633",37.69
RUSTOMJEE,EQ,09-07-2025,649.1,644.0,669.5,644.0,662.0,664.25,661.27,"87,358","5,77,67,616.75","4,744","55,286",63.29
RUSTOMJEE,EQ,10-07-2025,664.25,664.25,679.95,652.45,679.95,669.8,662.99,"44,127","2,92,55,793.80","2,909","25,311",57.36
RUSTOMJEE,EQ,11-07-2025,669.8,668.8,670.05,642.35,662.0,660.8,654.52,"79,723","5,21,80,051.80","8,160","30,518",38.28
RUSTOMJEE,EQ,14-07-2025,660.8,662.0,667.75,655.45,662.0,661.7,661.52,"19,197","1,26,99,215.00","1,502","9,374",48.83
RUSTOMJEE,EQ,15-07-2025,661.7,664.9,689.95,658.05,663.9,661.55,665.7,"34,535","2,29,89,926.15","1,857","21,403",61.97
RUSTOMJEE,EQ,16-07-2025,661.55,667.5,667.5,648.9,656.3,659.4,659.01,"17,383","1,14,55,490.00","1,549","7,080",40.73
RUSTOMJEE,EQ,17-07-2025,659.4,668.7,668.7,642.15,643.0,646.25,656.26,"2,66,241","17,47,22,877.70","5,248","2,39,550",89.97
RUSTOMJEE,EQ,18-07-2025,646.25,644.0,651.95,631.6,633.25,634.65,636.95,"26,864","1,71,10,984.40","4,108","13,534",50.38
RUSTOMJEE,EQ,21-07-2025,634.65,639.9,639.9,621.95,630.9,629.6,628.05,"31,123","1,95,46,851.70","5,813","14,452",46.44
RUSTOMJEE,EQ,22-07-2025,629.6,638.0,638.0,622.6,627.0,627.7,628.72,"11,656","73,28,350.40",791,"7,060",60.57
RUSTOMJEE,EQ,23-07-2025,627.7,625.0,635.4,615.0,624.8,618.55,620.89,"18,264","1,13,39,976.70","1,931","10,803",59.15
RUSTOMJEE,EQ,24-07-2025,618.55,627.5,642.9,613.1,625.0,623.9,624.71,"26,227","1,63,84,278.35","4,578","14,479",55.21
RUSTOMJEE,EQ,25-07-2025,623.9,639.0,641.05,619.5,625.0,625.1,626.53,109522,686.18,4924, 81176,74.12
RUSTOMJEE,EQ,28-07-2025,625.1,625.05,625.05,600.2,608.0,609.85,613.71,18442,113.18,1872, 10926,59.25
RUSTOMJEE,EQ,29-07-2025,609.85,609.85,631.4,602.45,630.0,626.2,621.42,33740,209.67,2862, 12839,38.05
RUSTOMJEE,EQ,30-07-2025,626.2,625.05,634.0,625.0,633.0,633.8,630.36,107506,677.67,1136, 98901,92.0
RUSTOMJEE,EQ,31-07-2025,633.8,633.6,633.6,618.0,618.5,621.45,624.45,11998,74.92,877, 7436,61.98
RUSTOMJEE,EQ,01-08-2025,621.45,621.05,628.05,610.7,617.1,622.7,617.88,11406,70.48,930, 6710,58.83
RUSTOMJEE,EQ,04-08-2025,622.7,622.7,628.2,604.55,625.0,624.7,618.87,11654,72.12,1062, 4274,36.67
RUSTOMJEE,EQ,05-08-2025,624.7,621.15,625.0,580.8,582.0,590.85,598.68,147368,882.26,5174, 55516,37.67
RUSTOMJEE,EQ,06-08-2025,590.85,590.5,600.0,570.0,593.7,595.55,584.11,116992,683.36,5337, 25939,22.17
RUSTOMJEE,EQ,07-08-2025,595.55,593.7,593.7,581.15,591.0,589.6,586.9,18382,107.88,1719, 10349,56.3
RUSTOMJEE,EQ,08-08-2025,589.6,583.0,599.05,578.0,578.25,587.05,587.6,46524,273.37,3068, 28077,60.35
RUSTOMJEE,EQ,11-08-2025,587.05,585.05,600.9,570.6,600.9,595.85,587.08,35927,210.92,3363, 21529,59.92
RUSTOMJEE,EQ,12-08-2025,595.85,595.85,614.05,586.5,610.95,609.8,607.35,28550,173.4,4653, 20756,72.7
RUSTOMJEE,EQ,13-08-2025,609.8,611.1,625.0,602.75,620.0,621.95,616.08,16512,101.73,3334, 9227,55.88
RUSTOMJEE,EQ,14-08-2025,621.95,621.0,652.5,611.1,649.9,648.85,641.7,58895,377.93,2608, 25220,42.82
RUSTOMJEE,EQ,18-08-2025,648.85,657.0,657.0,625.25,633.65,640.5,637.94,31878,203.36,4878, 15171,47.59
RUSTOMJEE,EQ,19-08-2025,640.5,631.0,649.95,631.0,642.0,639.95,640.5,10475,67.09,1277, 3719,35.5
RUSTOMJEE,EQ,20-08-2025,639.95,643.75,648.7,634.0,638.0,638.85,640.75,8649,55.42,977, 3840,44.4
RUSTOMJEE,EQ,21-08-2025,638.85,649.0,668.0,642.05,647.0,650.9,655.75,54718,358.81,4381, 34994,63.95
RUSTOMJEE,EQ,22-08-2025,650.9,644.25,658.0,640.5,650.0,650.6,647.49,19490,126.2,1480, 9848,50.53
RUSTOMJEE,EQ,25-08-2025,650.6,653.0,663.0,642.0,658.0,657.7,656.92,42460,278.93,4048, 31681,74.61
RUSTOMJEE,EQ,26-08-2025,657.7,652.0,665.0,639.0,655.0,655.1,654.1,46590,304.74,9342, 33256,71.38
RUSTOMJEE,EQ,28-08-2025,655.1,655.1,662.75,633.15,633.15,638.15,644.24,13034,83.97,1395, 7626,58.51
RUSTOMJEE,EQ,29-08-2025,638.15,648.35,648.35,626.0,630.0,631.65,633.38,31288,198.17,1391, 18417,58.86
RUSTOMJEE,EQ,01-09-2025,631.65,641.05,641.05,623.0,625.0,625.0,627.62,30616,192.15,1891, 22052,72.03
RUSTOMJEE,EQ,02-09-2025,625.0,625.65,630.95,606.7,616.1,618.35,617.41,24490,151.2,1499, 15119,61.74
RUSTOMJEE,EQ,03-09-2025,618.35,618.0,627.95,608.05,611.0,611.5,615.9,11087,68.28,1426, 7235,65.26
RUSTOMJEE,EQ,04-09-2025,611.5,620.3,624.15,610.0,610.0,615.0,616.51,17548,108.19,1037, 12187,69.45
RUSTOMJEE,EQ,05-09-2025,615.0,622.0,622.0,609.85,616.75,615.75,615.87,16427,101.17,1149, 12775,77.77
RUSTOMJEE,EQ,08-09-2025,615.75,624.0,624.0,607.0,610.0,611.15,613.36,24150,148.13,728, 20100,83.23
RUSTOMJEE,EQ,09-09-2025,611.15,612.0,622.1,605.3,610.0,614.1,613.11,42228,258.9,1255, 31229,73.95
RUSTOMJEE,EQ,10-09-2025,614.1,609.6,616.6,604.05,605.0,607.8,609.86,26820,163.56,1812, 19771,73.72
RUSTOMJEE,EQ,11-09-2025,607.8,609.85,616.4,601.0,609.3,607.1,610.22,14230,86.83,1446, 9285,65.25
RUSTOMJEE,EQ,12-09-2025,607.1,617.0,624.0,605.65,608.55,609.1,610.55,14282,87.2,808, 8702,60.93
RUSTOMJEE,EQ,15-09-2025,609.1,605.0,614.8,604.85,608.0,609.75,608.46,13605,82.78,1548, 6951,51.09
RUSTOMJEE,EQ,16-09-2025,609.75,611.1,614.95,606.0,611.8,607.5,608.49,17962,109.3,582, 11303,62.93
RUSTOMJEE,EQ,17-09-2025,607.5,615.05,617.8,598.6,600.0,600.2,602.73,132885,800.94,3835, 122965,92.53
RUSTOMJEE,EQ,18-09-2025,600.2,608.0,608.0,596.8,600.0,600.0,600.71,19393,116.49,731, 12928,66.66
RUSTOMJEE,EQ,19-09-2025,600.0,600.1,622.0,595.1,621.9,610.7,605.3,13221,80.03,989, 8235,62.29
RUSTOMJEE,EQ,22-09-2025,610.7,610.7,628.0,606.25,624.0,624.0,620.04,40681,252.24,2698, 27327,67.17
RUSTOMJEE,EQ,23-09-2025,624.0,624.0,630.0,607.55,623.0,624.8,621.14,116163,721.54,7740, 85357,73.48
RUSTOMJEE,EQ,24-09-2025,624.8,624.8,630.3,608.0,617.0,612.4,619.9,35889,222.48,1786, 28890,80.5
RUSTOMJEE,EQ,25-09-2025,612.4,608.6,619.0,600.0,606.65,603.8,606.5,10083,61.15,700, 5655,56.08
RUSTOMJEE,EQ,26-09-2025,603.8,598.65,605.0,592.05,601.8,598.0,598.38,17155,102.65,1253, 9877,57.58
RUSTOMJEE,EQ,29-09-2025,598.0,591.5,601.6,570.1,593.0,589.6,586.97,24556,144.14,1752, 11987,48.81
RUSTOMJEE,EQ,30-09-2025,589.6,589.6,597.8,580.0,595.7,590.7,588.68,11779,69.34,950, 6364,54.03
RUSTOMJEE,EQ,01-10-2025,590.7,595.0,600.9,589.95,594.05,595.5,596.78,7037,42.0,836, 3933,55.89
RUSTOMJEE,EQ,03-10-2025,595.5,604.95,608.3,590.5,601.35,601.1,598.96,28103,168.33,1036, 17878,63.62
RUSTOMJEE,EQ,06-10-2025,601.1,599.0,603.0,596.8,599.5,597.35,599.87,5965,35.78,692, 3656,61.29
RUSTOMJEE,EQ,07-10-2025,597.35,602.4,630.0,596.4,617.0,617.8,615.04,30298,186.34,1286, 17725,58.5
RUSTOMJEE,EQ,08-10-2025,617.8,634.0,634.0,611.0,625.0,620.3,620.66,85621,531.41,4439, 27861,32.54
RUSTOMJEE,EQ,09-10-2025,620.3,624.0,631.0,610.2,616.0,623.8,621.93,34409,214.0,1141, 22154,64.38
RUSTOMJEE,EQ,10-10-2025,623.8,623.0,624.5,604.0,624.0,619.4,615.4,66168,407.2,1421, 38102,57.58
RUSTOMJEE,EQ,13-10-2025,619.4,616.35,618.75,610.0,615.7,612.3,612.8,8993,55.11,1047, 3958,44.01
RUSTOMJEE,EQ,14-10-2025,612.3,612.3,625.05,589.2,601.5,612.45,604.79,49641,300.22,2019, 21730,43.77
RUSTOMJEE,EQ,15-10-2025,612.45,585.0,590.0,560.1,562.95,564.5,572.19,664480,3802.08,8848, 358272,53.92
RUSTOMJEE,EQ,16-10-2025,564.5,560.0,583.7,557.0,572.2,573.95,569.32,1245863,7092.89,17179, 844153,67.76
RUSTOMJEE,EQ,17-10-2025,573.95,570.0,583.0,567.0,574.0,575.2,574.95,566250,3255.67,8551, 376472,66.49
RUSTOMJEE,EQ,20-10-2025,575.2,579.0,582.35,567.8,579.0,580.1,576.06,168732,972.01,4388, 78748,46.67
RUSTOMJEE,EQ,21-10-2025,580.1,582.2,582.2,573.05,574.4,574.25,575.19,13864,79.74,529, 9046,65.25
RUSTOMJEE,EQ,23-10-2025,574.25,576.95,582.9,565.6,567.45,567.05,575.57,55779,321.05,1710, 29327,52.58
RUSTOMJEE,EQ,24-10-2025,567.05,568.0,581.8,564.05,575.6,576.5,575.85,148415,854.65,2800, 81302,54.78
RUSTOMJEE,EQ,27-10-2025,576.5,579.9,581.4,569.5,573.0,573.4,576.11,95293,548.99,1473, 48664,51.07
RUSTOMJEE,EQ,28-10-2025,573.4,573.4,573.55,562.95,567.0,566.05,568.17,24438,138.85,1019, 13953,57.1
RUSTOMJEE,EQ,29-10-2025,566.05,568.85,582.2,566.0,574.75,576.6,578.41,235341,1361.23,5885, 153018,65.02
RUSTOMJEE,EQ,30-10-2025,576.6,576.7,576.9,569.85,573.8,574.75,574.41,85161,489.18,1068, 72474,85.1
RUSTOMJEE,EQ,31-10-2025,574.75,574.85,574.85,562.4,569.8,564.55,566.99,29811,169.03,1865, 18362,61.59
RUSTOMJEE,EQ,03-11-2025,564.55,561.55,576.0,561.55,566.95,565.45,565.63,219635,1242.33,2774, 191549,87.21
RUSTOMJEE,EQ,04-11-2025,565.45,573.0,579.5,564.2,568.0,566.75,571.25,30901,176.52,1961, 14516,46.98
RUSTOMJEE,EQ,06-11-2025,566.75,567.0,567.7,549.05,563.9,560.4,556.23,70264,390.83,3257, 44902,63.9
RUSTOMJEE,EQ,07-11-2025,560.4,562.0,562.0,548.0,552.7,553.0,552.63,41088,227.06,2121, 19945,48.54
RUSTOMJEE,EQ,10-11-2025,553.0,551.0,559.0,540.0,542.5,544.7,546.04,95722,522.68,5509, 62009,64.78
RUSTOMJEE,EQ,11-11-2025,544.7,544.7,547.4,533.0,533.2,534.6,538.21,41223,221.86,1773, 23651,57.37
RUSTOMJEE,EQ,12-11-2025,534.6,534.15,544.95,510.0,535.0,540.2,527.99,277298,1464.11,14092, 121773,43.91
RUSTOMJEE,EQ,13-11-2025,540.2,537.7,537.7,520.5,527.8,529.3,528.19,111333,588.05,6234, 63371,56.92
RUSTOMJEE,EQ,14-11-2025,529.3,529.3,544.0,521.0,536.0,534.75,529.23,247820,1311.55,9429, 118013,47.62
RUSTOMJEE,EQ,17-11-2025,534.75,542.55,543.5,521.6,542.0,542.05,537.51,162376,872.79,4979, 79527,48.98
RUSTOMJEE,EQ,18-11-2025,542.05,540.05,545.5,532.2,544.0,540.5,538.07,241038,1296.95,5382, 135104,56.05
RUSTOMJEE,EQ,19-11-2025,540.5,544.0,544.0,534.0,534.1,536.25,537.85,54843,294.97,1896, 34472,62.86
RUSTOMJEE,EQ,20-11-2025,536.25,536.2,539.3,530.0,530.0,532.6,535.11,18413,98.53,876, 9356,50.81
RUSTOMJEE,EQ,21-11-2025,532.6,532.5,542.5,526.85,529.95,535.2,537.02,72539,389.55,2565, 34209,47.16
RUSTOMJEE,EQ,24-11-2025,535.2,535.2,563.7,528.5,545.5,552.65,541.06,192322,1040.57,3745, 115528,60.07
RUSTOMJEE,EQ,25-11-2025,552.65,552.65,552.7,531.0,532.0,532.0,538.17,112567,605.8,1528, 53681,47.69
RUSTOMJEE,EQ,26-11-2025,532.0,543.9,549.0,532.8,541.0,541.7,538.64,22830,122.97,1807, 11266,49.35
RUSTOMJEE,EQ,27-11-2025,541.7,542.8,547.8,536.0,538.5,538.4,542.12,23650,128.21,917, 9926,41.97
RUSTOMJEE,EQ,28-11-2025,538.4,532.1,544.9,532.1,538.0,540.85,541.33,29392,159.11,716, 14564,49.55
RUSTOMJEE,EQ,01-12-2025,540.85,538.15,543.0,533.0,533.0,533.95,538.53,7609,40.98,925, 3469,45.59
RUSTOMJEE,EQ,02-12-2025,533.95,540.05,548.0,532.15,545.0,545.75,542.38,37101,201.23,1154, 13325,35.92
RUSTOMJEE,EQ,03-12-2025,545.75,545.0,545.25,531.8,533.0,537.5,536.85,17857,95.87,915, 9285,52.0
RUSTOMJEE,EQ,04-12-2025,537.5,535.0,541.5,531.3,535.0,535.55,536.48,17311,92.87,502, 8710,50.31
RUSTOMJEE,EQ,05-12-2025,535.55,536.9,547.1,533.0,543.05,543.45,541.73,23896,129.45,3008, 10066,42.12
RUSTOMJEE,EQ,08-12-2025,543.45,543.45,543.45,533.1,538.0,535.8,538.07,57196,307.75,2436, 25174,44.01
RUSTOMJEE,EQ,09-12-2025,535.8,530.5,545.0,520.8,535.6,540.65,533.7,25544,136.33,1376, 9497,37.18
RUSTOMJEE,EQ,10-12-2025,540.65,538.4,543.65,530.6,530.85,533.95,537.93,10635,57.21,957, 5411,50.88
RUSTOMJEE,EQ,11-12-2025,533.95,533.1,542.3,533.1,538.5,538.4,537.5,19982,107.4,501, 10879,54.44
RUSTOMJEE,EQ,12-12-2025,538.4,540.7,543.75,535.9,541.85,539.25,540.62,14361,77.64,1524, 9525,66.33
RUSTOMJEE,EQ,15-12-2025,539.25,534.0,540.1,532.05,532.95,533.75,534.09,4232,22.6,460, 2704,63.89
RUSTOMJEE,EQ,16-12-2025,533.75,534.0,537.25,526.05,536.8,533.65,530.87,12445,66.07,937, 6895,55.4
RUSTOMJEE,EQ,17-12-2025,533.65,535.1,537.0,526.55,535.0,535.35,531.62,11104,59.03,1626, 5199,46.82
RUSTOMJEE,EQ,18-12-2025,535.35,531.5,531.5,513.65,529.8,527.0,524.07,23088,121.0,1785, 11352,49.17
RUSTOMJEE,EQ,19-12-2025,527.0,521.75,531.15,520.3,522.15,527.5,524.66,19872,104.26,1338, 9751,49.07
RUSTOMJEE,EQ,22-12-2025,527.5,534.8,534.8,524.8,527.25,530.1,528.32,7834,41.39,1259, 4545,58.02
RUSTOMJEE,EQ,23-12-2025,530.1,530.1,535.5,519.75,535.35,531.7,526.19,24562,129.24,2305, 12527,51.0
RUSTOMJEE,EQ,24-12-2025,531.7,526.4,533.1,512.65,523.5,521.1,523.64,57520,301.2,3844, 36315,63.13
RUSTOMJEE,EQ,26-12-2025,521.1,523.75,529.9,521.9,529.5,526.15,525.9,17213,90.52,1578, 7253,42.14
RUSTOMJEE,EQ,29-12-2025,526.15,529.8,530.0,523.0,523.2,526.75,527.26,9327,49.18,907, 6114,65.55
RUSTOMJEE,EQ,30-12-2025,526.75,526.75,530.4,518.1,529.9,528.8,527.22,21829,115.09,3272, 14933,68.41
RUSTOMJEE,EQ,31-12-2025,528.8,525.0,530.0,522.5,526.8,526.7,528.06,16726,88.32,1787, 12215, 73.03
